name,album,artist,id,release_date,popularity,duration_ms,tempo,danceability,acousticness,energy,instrumentalness,liveness,loudness,speechiness,valence,key,mode,time_signature
Tharki Chokro,Pk,"Swaroop Khan, Ajay-Atul, Swanand Kirkire",5YUZpKW1nRVtxsy3sN6q1g,2014-11-17,42,60000,133.92857142857142,0.0008546219420922,0.5243499245967383,1.0,0.0286910142749547,1.0,-20.095888,0.0837941,0.417617372394599,7,1,7
Nanga Punga Dost,Pk,"Shreya Ghoshal, Shantanu Moitra, Swanand Kirkire",0NbsId64Ern8x1fThsnSdG,2014-11-17,39,60000,160.71428571428572,0.0009557743752741,0.3337431852392908,1.0,0.0381718873977661,1.0,-16.889244,0.096070096,0.4020628578410767,4,1,7
Chaar Kadam,Pk,"Shaan, Shreya Ghoshal, Shantanu Moitra, Swanand Kirkire",0bYDMpQ94LnF38FiOlc8K9,2014-11-17,61,60000,119.6808510638298,0.0020527235041642,0.2030676317265819,1.0,0.0,1.0,-23.0617,0.10529596,0.2722626922489912,3,0,7
Love Is A Waste Of Time,Pk,"Sonu Nigam, Shreya Ghoshal, Shantanu Moitra, Amitabh Varma",0q8g9felKNWRG6lBxQ7FX6,2014-11-17,52,60000,75.0,0.0010087910808684,0.2338607685022662,1.0,0.0748028457164764,1.0,-18.601414,0.09394101,0.2961044186763923,4,1,7
Bhagwaan Hai Kahan Re Tu,Pk,"Sonu Nigam, Shantanu Moitra, Swanand Kirkire",6QXOeVS0RuwbMrI4ud2Lud,2014-11-17,54,60000,125.0,0.0013379881408619,0.1290126546947209,1.0,0.0,1.0,-21.44756,0.10104707,0.2472162533038176,4,1,7
Pk Dance Theme,Pk,Shantanu Moitra,383Joat1pE0yLpjQmbMrJQ,2014-11-17,29,60000,87.890625,0.0011085411463725,0.1332106930990046,0.5189054608345032,0.0,1.0,-29.521141,0.10352078,0.1787631424270089,5,1,7
Dil Darbadar,Pk,"Ankit Tiwari, Manoj Muntashir",64uIY06wOtU9o8r3c1rx1x,2014-11-17,52,60000,119.6808510638298,0.0012553991792746,0.2208609094494312,1.0,0.0,1.0,-15.360426,0.097533144,0.3086300233561787,9,1,7
Punjabi Wedding Song,Hasee Toh Phasee (Original Motion Picture Soundtrack),"Vishal-Shekhar, Sunidhi Chauhan, Benny Dayal",69iDTIABXobqbl8zJOp8dq,2014-01-05,54,60000,78.125,0.0014625525118095,0.2032364385220405,1.0,0.0012579378671944,1.0,-20.228605270385746,0.0979450941085815,0.2183166814314469,2,1,7
Shake It Like Shammi,Hasee Toh Phasee (Original Motion Picture Soundtrack),"Vishal-Shekhar, Benny Dayal",2p54FBeWYWX56nPCaR67hP,2014-01-05,43,60000,93.75,0.0012314845202513,0.2294982628088339,1.0,0.000301049061818,1.0,-15.679126739501951,0.0765893161296844,0.2489682724403575,3,0,7
Drama Queen,Hasee Toh Phasee (Original Motion Picture Soundtrack),"Vishal-Shekhar, Shreya Ghoshal, Vishal Dadlani",7xxxQG1BupSnOBo4qId9kl,2014-01-05,53,60000,152.02702702702703,0.001026953570305,0.2251101540281727,1.0,0.0688864514231681,1.0,-14.498191833496094,0.0964620411396026,0.3424215097609243,5,1,7
Manchala,Hasee Toh Phasee (Original Motion Picture Soundtrack),"Vishal-Shekhar, Shafqat Amanat Ali, Nupur Pant",3zAXHUL5YcYOA41rruvjy4,2014-01-05,63,60000,148.02631578947367,0.0017323507613573,0.1223988131276661,0.6161500215530396,0.0,1.0,-26.09490776062012,0.0921658352017402,0.1489701393451726,3,0,7
Zehnaseeb,Hasee Toh Phasee (Original Motion Picture Soundtrack),"Vishal-Shekhar, Chinmayi, Shekhar Ravjiani",3xF15SqY32Mno3UUMBirhU,2014-01-05,71,60000,110.29411764705884,0.0021912516225279,0.1994458797602648,1.0,0.0,1.0,-21.899343490600582,0.0942056402564048,0.2371437262476399,6,0,7
Ishq Bulaava,Hasee Toh Phasee (Original Motion Picture Soundtrack),"Vishal-Shekhar, Sanam Puri, Shipra Goyal",1fkjRQA8wXPPyxqYLbxuqy,2014-01-05,75,60000,160.71428571428572,0.001040663046363,0.1731272079408105,1.0,0.0013121941592544,1.0,-20.681060791015625,0.0894985422492027,0.2010368381045968,9,1,7
India Waale,Happy New Year,"Neeti Mohan, Vishal Dadlani, KK, Shankar Mahadevan",69EoR3Z8jgRODL3AmQs5ZP,2014-09-26,51,60000,127.8409090909091,0.0013261552618392,0.4158054193143441,1.0,0.0,1.0,-16.22391700744629,0.0936234891414642,0.3771795650704427,11,1,7
Manwa Laage,Happy New Year,"Shreya Ghoshal, Arijit Singh",3H43T5swYywvcdCBFiDgW6,2014-09-26,64,60000,160.71428571428572,0.0014740389935786,0.2457766188788659,1.0,0.0,1.0,-22.80673599243164,0.104704312980175,0.3112266824529869,0,1,7
Satakli,Happy New Year,Sukhwinder Singh,4n1j59aiRDYCU1Rpz70wKU,2014-09-26,45,60000,137.1951219512195,0.00105543224823,0.3351986556556612,1.0,0.3976888060569763,1.0,-17.319564819335938,0.0929141864180564,0.2821581258473383,4,1,7
Lovely,Happy New Year,"Kanika Kapoor, Ravindra Upadhyay, Miraya Varma, Fateh",1YTU6H9mLYZZMP78x5V7KC,2014-09-26,58,60000,112.5,0.0012067375812195,0.3842576423913527,1.0,0.1265556067228317,1.0,-15.188912391662598,0.0843865871429443,0.3683899184187644,3,0,7
World Dance Medley,Happy New Year,"Neeti Mohan, Vishal Dadlani, Sukhwinder Singh, KK, Shankar Mahadevan, Shah Rukh Khan",0OB3JnLqcE9Zrht2u3uIv5,2014-09-26,39,60000,90.7258064516129,0.0013982523140408,0.2583203958185211,1.0,0.0222270842641592,1.0,-18.34489250183105,0.0944130942225456,0.2836911913569258,4,1,7
Nonsense Ki Night,Happy New Year,Mika Singh,6XRMWXhoKNHMaN2nepsarZ,2014-09-26,38,60000,130.8139534883721,0.001292544556013,0.3238096213450942,1.0,0.0,1.0,-19.6309871673584,0.0914272516965866,0.2721901327678612,11,1,7
Dance Like A Chammiya,Happy New Year,"Sunidhi Chauhan, Vishal Dadlani",6pD8zlJXnfDe9FjDt0S48K,2014-09-26,42,60000,110.29411764705884,0.0013004094988231,0.2961747772618201,1.0,0.0,1.0,-18.32634353637696,0.087884321808815,0.2909606296471674,7,1,7
Sharabi,Happy New Year,"Manj Musik, Nindy Kaur, Vishal-Shekhar",0Dgnvs9E1oMKMn6MPv9Zk4,2014-09-26,37,60000,130.8139534883721,0.0010776298161152,0.6180146966928102,1.0,0.0,1.0,-18.135234832763672,0.0808106213808059,0.4496968602773549,5,1,7
India Waale (Electronic),Happy New Year,"Neeti Mohan, Vishal Dadlani, KK, Shankar Mahadevan",4lhoY4pgmDwfUNLWCDNbrE,2014-09-26,29,60000,127.8409090909091,0.0013261552618392,0.4158054193143441,1.0,0.0,1.0,-16.22391700744629,0.0936234891414642,0.3771795650704427,11,1,7
The Heist (Instrumental),Happy New Year,John Stewart Eduri,4n3kyKKgQiRqRWM2LXUUNC,2014-09-26,27,60000,102.27272727272728,0.0012708902412584,0.1986734476370867,1.0,0.0145567012950778,1.0,-14.608659744262695,0.0719396099448204,0.2063461669644476,9,1,7
Kamlee,Happy New Year,"Kanika Kapoor, Ravindra Upadhyay, Fateh, Miraya Varma",2ydcSq4NJ2U4TQKnxyyI6M,2014-09-26,38,60000,112.5,0.0012355770219289,0.5138478853759332,1.0,0.0,1.0,-15.349870681762695,0.0871704369783401,0.3436018238685819,3,0,7
Lovely (House Remix)[Remix By Dj Shillpi],Happy New Year,"Kanika Kapoor, Ravindra Upadhyay, Miraya Varma, Fateh",4u222mLywZJTn7C1tFY3RL,2014-09-26,27,60000,156.25,0.0012670781391141,0.3418476472238269,1.0,0.010542700998485,1.0,-19.058164596557617,0.090296134352684,0.308944931414333,3,0,7
"Lovely (Dance Remix)[Remix By Sickkick,Dr. Zeus]",Happy New Year,"Kanika Kapoor, Ravindra Upadhyay, Miraya Varma, Fateh",55QDPFQCqOx3xMAzWKnuhx,2014-09-26,25,60000,127.8409090909091,0.0009582646137956,0.5350672033305189,1.0,0.0,1.0,-19.356374740600582,0.0902291610836982,0.3781210211605512,10,0,7
Aao Na,Haider,Vishal Dadlani,1d11xbMYeK2ldGOl5QiV2e,2014-09-15,39,60000,137.1951219512195,0.0011160520509291,0.1880659584129488,1.0,0.1076083332300186,1.0,-15.795964241027832,0.0867271050810813,0.2571161560072029,5,1,7
Bismil,Haider,Sukhwinder Singh,7EadaXiYHu40vxlHyE1ib7,2014-09-15,52,60000,112.5,0.0012174153246771,0.2707148937411127,1.0,0.0,1.0,-22.663896560668945,0.0939420312643051,0.2977297909108982,2,1,7
Khul Kabhi Toh,Haider,Arijit Singh,5Ac5YgWfLrbHPN0jIxx6S4,2014-09-15,34,60000,93.75,0.0015817710990746,0.1773643019018841,0.721224308013916,0.003902846481651,1.0,-26.93123435974121,0.0978887826204299,0.1785885533765113,2,1,7
Keeda,Action Jackson (Original Motion Picture Soundtrack),"Himesh Reshammiya, Neeti Mohan, Shabbir Ahmed",4ufJyvuOQ39GTp6HtX4ZAU,2014-06-11,32,60000,127.8409090909091,0.0008930070938943,0.325507670164193,1.0,0.2310112416744232,1.0,-12.492673873901367,0.0850747525691986,0.3826132196687387,6,0,7
Punjabi Mast,Action Jackson (Original Motion Picture Soundtrack),"Himesh Reshammiya, Ankit Tiwari, Arya Acharya Vineet Singh, Alam Gir Khan, Neeti Mohan, Sameer Anjaan",3LVJM7ypKNlTnz2PXHrCv1,2014-06-11,33,60000,133.92857142857142,0.0009166032386097,0.3954145131143352,1.0,0.0174305103719234,1.0,-15.112327575683594,0.0884968787431716,0.3509090397518878,0,1,7
Chichora Piya,Action Jackson (Original Motion Picture Soundtrack),"Himesh Reshammiya, Shalmali Kholgade, Sameer Anjaan",7cxNaLNDcNk6iVVXzeylkX,2014-06-11,24,60000,140.625,0.00136059017732,0.2520007727792837,1.0,0.0,1.0,-12.802505493164062,0.09785757958889,0.2345878655044803,3,0,7
Dhoom Dhaam,Action Jackson (Original Motion Picture Soundtrack),"Himesh Reshammiya, Ankit Tiwari, Palak Muchhal, Sameer Anjaan",0psCx44WZkduuxQYQnabSW,2014-06-11,46,60000,165.44117647058823,0.0010235097579171,0.3443567497722627,1.0,0.1070149987936019,1.0,-15.03447437286377,0.1026483699679374,0.353425768671727,9,1,7
Gangster Baby,Action Jackson (Original Motion Picture Soundtrack),"Neeraj Shridhar, Neeti Mohan, Shabbir Ahmed",3Anndu4xobRfbsLfIhkMPM,2014-06-11,31,60000,125.0,0.0009106790643476,0.2157389901517508,1.0,0.3965718150138855,1.0,-14.171822547912598,0.0909637734293937,0.3001447721735942,5,1,7
Keeda - Remix,Action Jackson (Original Motion Picture Soundtrack),"Himesh Reshammiya, Neeti Mohan, Shabbir Ahmed",2b2VFujDQYuJI4RC1fYERB,2014-06-11,18,60000,127.8409090909091,0.0008930070938943,0.325507670164193,1.0,0.2310112416744232,1.0,-12.492673873901367,0.0850747525691986,0.3826132196687387,6,0,7
Punjabi Mast - Remix,Action Jackson (Original Motion Picture Soundtrack),"Himesh Reshammiya, Ankit Tiwari, Arya Acharya Vineet Singh, Alam Gir Khan, Neeti Mohan, Sameer Anjaan",4JNqszUk8RdF4XE7TNtVNA,2014-06-11,17,60000,140.625,0.0011640461927388,0.311263240701653,1.0,0.0,1.0,-13.271151542663574,0.085834726691246,0.3836833779730271,0,1,7
Chichora Piya - Remix,Action Jackson (Original Motion Picture Soundtrack),"Himesh Reshammiya, Shalmali Kholgade, Sameer Anjaan",4TMvCDPx5RogpgjTzTV4OA,2014-06-11,14,60000,152.02702702702703,0.0013882806628601,0.4322951093416725,1.0,0.0427412874996662,1.0,-13.825575828552246,0.0956890061497688,0.298155322810986,7,1,7
Keeda - Reprise,Action Jackson (Original Motion Picture Soundtrack),"Himesh Reshammiya, Neeti Mohan, Shabbir Ahmed",0GaM1816KIfo1OYMSAG4Oy,2014-06-11,18,60000,127.8409090909091,0.0008930070938943,0.325507670164193,1.0,0.2310112416744232,1.0,-12.492673873901367,0.0850747525691986,0.3826132196687387,6,0,7
Action Jackson - Theme,Action Jackson (Original Motion Picture Soundtrack),"Himesh Reshammiya, Shabbir Ahmed",03nmkNstULhwUtJ3AxruYX,2014-06-11,17,60000,165.44117647058823,0.0010291780722144,0.2333413295969605,1.0,0.0161201730370521,1.0,-13.587973594665527,0.0736203119158744,0.3262412564081307,1,0,7
Action Jackson - Mashup,Action Jackson (Original Motion Picture Soundtrack),"Himesh Reshammiya, Ankit Tiwari, Arya Acharya Vineet Singh, Alam Gir Khan, Neeti Mohan, Shabbir Ahmed, Kiran Kamath",4gnFdOXwkHoOsSPQLKvlfj,2014-06-11,13,60000,127.8409090909091,0.0009288561009439,0.3257211738746445,1.0,0.0,1.0,-12.54825496673584,0.0865379348397255,0.376672092773523,3,0,7
Besharmi Ki Height,Main Tera Hero,"Benny Dayal, Shalmali Kholgade",1qtl3vB0uqciZ94g3S6TO7,2014-03-03,66,60000,130.8139534883721,0.0010106322002394,0.2779583976737468,1.0,0.0,1.0,-16.892169952392578,0.0931547507643699,0.2860917971538615,7,1,7
Palat - Tera Hero Idhar Hai,Main Tera Hero,Arijit Singh,0dTjGvzVRsvUjM9jJVWEDK,2014-03-03,56,60000,125.0,0.0016017316394319,0.2902205406538837,1.0,0.0,1.0,-17.862329483032227,0.1026186868548393,0.3345672754725592,9,1,7
Shanivaar Raati,Main Tera Hero,"Arijit Singh, Shalmali Kholgade",6uBlFLMNdux36BAHOwouqS,2014-03-03,52,60000,130.8139534883721,0.0010330324295149,0.3565598754665837,1.0,0.0386361964046955,1.0,-16.151092529296875,0.0924278572201728,0.3543797237259765,0,1,7
Galat Baat Hai,Main Tera Hero,"Neeti Mohan, Javed Ali",5AM51LU4hTpGSdQEFQmZTw,2014-03-03,65,60000,125.0,0.0006920548860474,0.3744972247989246,1.0,0.0,1.0,-14.944451332092283,0.098282590508461,0.4049961207233404,2,1,7
Besharmi Ki Height (Remix By Dj Notorious),Main Tera Hero,"Benny Dayal, Shalmali Kholgade",0xZyDuW2rStYxejTnbYpyU,2014-03-03,39,60000,87.890625,0.0009414182198885,0.3680244171869445,1.0,0.008681671693921,1.0,-14.62502670288086,0.0869280695915222,0.3261778112421487,2,1,7
Shanivaar Raati (Remix By Dj Chetas),Main Tera Hero,"Arijit Singh, Shalmali Kholgade",03aJrfGtVd04MCW38ck93O,2014-03-03,36,60000,130.8139534883721,0.0012794669557186,0.4064368591417081,1.0,0.0,1.0,-12.893049240112305,0.0849765986204147,0.4363299430390178,10,0,7
Palat - Tera Hero Idhar Hai (Remix),Main Tera Hero,Arijit Singh,6xaBmbo9ET6M08NUDkCFle,2014-03-03,37,60000,125.0,0.0016017316394319,0.2902205406538837,1.0,0.0,1.0,-17.862329483032227,0.1026186868548393,0.3345672754725592,9,1,7
Offo,2 States,"Aditi Singh Sharma, Amitabh Bhattacharya",3f26GAn3yOXfoclLyN8AdD,2014-03-14,61,60000,130.8139534883721,0.0011233798939829,0.3094987974360114,1.0,0.0,1.0,-18.01861953735352,0.0929799228906631,0.3674419357094209,3,0,7
Locha-E-Ulfat,2 States,Benny Dayal,3V3QbgrOZKtFv5MXzAAdZr,2014-03-14,65,60000,53.57142857142857,0.0011635293151384,0.3441775281616601,1.0,0.0,1.0,-18.64329719543457,0.0956797003746032,0.3185801807763743,11,1,7
Mast Magan,2 States,"Arijit Singh, Chinmayi",3uL1IBFhg52VcQqOwAG01E,2014-03-14,72,60000,82.72058823529412,0.0016344477668375,0.2299656276384198,1.0,0.0,1.0,-20.16741752624512,0.0964339673519134,0.3103471975915886,11,1,7
Iski Uski,2 States,"Akriti Kakar, Shahid Mallya",0ON0JdGgRTVcCInt8j6eod,2014-03-14,55,60000,133.92857142857142,0.0012082435621344,0.2947253821542837,1.0,0.0,1.0,-19.960826873779297,0.0952844396233558,0.2558702481248515,0,1,7
Chaandaniya,2 States,"Mohan Kannan, Yashita Sharma",22jbgc9BtV1uiV7hKYTyDx,2014-03-14,52,60000,114.79591836734694,0.0012721814470689,0.1283747472671525,1.0,0.0,1.0,-17.01428985595703,0.0966003760695457,0.1824233676298742,11,1,7
Hullaare,2 States,"Shankar Mahadevan, Siddharth Mahadevan, Rasika Shekar",3QoxvM5uOVSf5CACEdi1oN,2014-03-14,38,60000,78.125,0.0013722732576844,0.3368077445954052,0.9819605946540833,0.1652677357196808,1.0,-25.79076766967773,0.0938393175601959,0.2198124152093286,8,0,7
Jashn-e-Ishqa,Gunday,"Sohail Sen, Javed Ali, Shadab Faridi, Irshad Kamil",4MJBN7CfGnOY5GZ76LGbgd,2013-12-26,51,60000,106.13207547169812,0.0011375794442305,0.3215161922602648,1.0,0.0,1.0,-12.506046295166016,0.0915501043200492,0.3056221937635832,9,1,7
Tune Maari Entriyaan,Gunday,"Sohail Sen, Vishal Dadlani, KK, Neeti Mohan, Bappi Lahiri, Irshad Kamil",5kg1GacbhgQfLcbgOBRO9c,2013-12-26,59,60000,127.8409090909091,0.0010043224465971,0.2442439052501777,1.0,0.0,1.0,-13.8904447555542,0.0845180004835128,0.2262082983074662,0,1,7
Jiya,Gunday,"Sohail Sen, Arijit Singh, Irshad Kamil",0ppQwuz371fPZWxx1L08cm,2013-12-26,50,60000,86.53846153846153,0.0012122161507408,0.1549598647740401,0.899049699306488,0.0,1.0,-22.996795654296875,0.0979412123560905,0.1965216033342257,4,1,7
Asalaam-e-Ishqum,Gunday,"Sohail Sen, Neha Bhasin, Bappi Lahiri, Irshad Kamil",7gw6rSstVq9CmuQAaZhWm8,2013-12-26,58,60000,106.13207547169812,0.0014969583528901,0.2522095030327941,1.0,0.0162318982183933,1.0,-14.216382026672363,0.0947469472885131,0.2966775772933372,6,0,7
Saaiyaan,Gunday,"Sohail Sen, Shahid Mallya, Irshad Kamil",3PdOdofQ2xS8MLpyE6lzFJ,2013-12-26,54,60000,87.890625,0.0011979758939668,0.3272334918236758,1.0,0.5880000591278076,1.0,-18.395008087158203,0.1065433770418167,0.3411190184052676,11,1,7
Mann Kunto Maula,Gunday,"Sohail Sen, Shadab Faridi, Altamash Faridi, Irshad Kamil",2de1f1AraAn3235UwrWBYF,2013-12-26,40,60000,125.0,0.0021466825740029,0.1968786278272751,1.0,0.4959069788455963,1.0,-19.097694396972656,0.0970842391252517,0.1341593988198094,5,1,7
Rhythm Of Jashn-e-Ishqa,Gunday,"Sohail Sen, Shadab Faridi, Irshad Kamil",0x6viMKxIxiKggz2cJ4m24,2013-12-26,25,60000,125.0,0.0012313046435923,0.2570172420736313,1.0,1.0,1.0,-14.406548500061035,0.0665144398808479,0.4103559644388849,2,1,7
Mann Kunto Maula - Classical,Gunday,"Sohail Sen, Shadab Faridi, Altamash Faridi, Irshad Kamil",6zaAbKHT57vT0QtCkGt9Cm,2013-12-26,28,60000,125.0,0.0021466825740029,0.1968786278272751,1.0,0.4959069788455963,1.0,-19.097694396972656,0.0970842391252517,0.1341593988198094,5,1,7
Tune Maari Entriyaan - Bangla Version,Gunday,"Sohail Sen, Bappi Lahiri, Monali Thakur, Gautam Susmit",6e5MUFo9wpi07rvQJIubUO,2013-12-26,30,60000,127.8409090909091,0.0009580062130927,0.2546526450853181,1.0,0.0,1.0,-14.743067741394045,0.0892090126872062,0.2942506443427438,0,1,7
Tune Maari Entriyaan - Remix,Gunday,"Sohail Sen, Vishal Dadlani, KK, Neeti Mohan, Bappi Lahiri, Remix by: Joshilay, Irshad Kamil",34eZ5mlIKy8RzYi0SEX7Jy,2013-12-26,29,60000,127.8409090909091,0.0010043224465971,0.2442439052501777,1.0,0.0,1.0,-13.8904447555542,0.0845180004835128,0.2262082983074662,0,1,7
Gunday Mashup,Gunday,"Sohail Sen, Javed Ali, Shadab Faridi, Arijit Singh, Neha Bhasin, Bappi Lahiri, Vishal Dadlani, KK, Neeti Mohan, Rap by: Kinga Rhymes, Mashup by: Joshilay, Irshad Kamil",7qRq7jlYOpWD1KEBRvO6tC,2013-12-26,25,60000,125.0,0.0009421623625827,0.3088673992679079,1.0,0.0,1.0,-17.574432373046875,0.0931176096200943,0.2793253209192778,9,1,7
Gunday,Gunday,"Sohail Sen, Rap by: Kinga Rhymes, Ali Abbas Zafar",2pYwGK5vuphKCVUmYPBvIv,2013-12-26,31,60000,87.890625,0.0011979758939668,0.3272334918236758,1.0,0.5880000591278076,1.0,-18.395008087158203,0.1065433770418167,0.3411190184052676,11,1,7
Ziddi Dil,Mary Kom (Original Motion Picture Soundtrack),"Prashant Ingole, Vishal Dadlani",5abKWMQPFxoZm9pO5TtbR5,2018-05-27,54,60000,98.6842105263158,0.0011934191861276,0.2336333783716228,1.0,0.0,1.0,-22.06391334533692,0.1050392016768455,0.2796533464477403,11,1,7
Sukoon Mila,Mary Kom (Original Motion Picture Soundtrack),Arijit Singh,1hjL51XZkyEkPjxuenbgKf,2018-05-27,53,60000,130.8139534883721,0.001616083783065,0.3101037246156239,1.0,0.0,1.0,-22.574243545532227,0.0977811813354492,0.2372703277598027,9,1,7
Adhure,Mary Kom (Original Motion Picture Soundtrack),"Prashant Ingole, Sunidhi Chauhan",5ykAHoKi7wfdQg4C1HCz6h,2018-05-27,28,60000,119.6808510638298,0.0013433569904794,0.2458920497467117,0.9526320695877076,0.0,1.0,-22.396907806396484,0.0923351421952247,0.2723908798292547,6,0,7
Teri Baari,Mary Kom (Original Motion Picture Soundtrack),"Mohit Chauhan, Prashant Ingole",5uue2Mrj9VIymDC0Klo1sk,2018-05-27,36,60000,96.98275862068964,0.0012958558111872,0.2272490966883665,1.0,0.0141562176868319,1.0,-22.685190200805664,0.0934338197112083,0.2132123243154219,1,0,7
Saudebaazi,Mary Kom (Original Motion Picture Soundtrack),"Prashant Ingole, Arijit Singh",4hRRS9Thr8eBYo0GnyS81V,2018-05-27,30,60000,75.0,0.001716810449289,0.2706940641108247,1.0,0.0,1.0,-19.814105987548828,0.0929247513413429,0.2470805720333954,11,1,7
Salaam India,Mary Kom (Original Motion Picture Soundtrack),"Salim Merchant, Vishal Dadlani",0WHYDSK5T5WXmSO6BfTvFJ,2018-05-27,36,60000,102.27272727272728,0.0014913245209755,0.2352997487946587,0.7187551259994507,0.0,1.0,-25.270538330078125,0.1086825504899025,0.2524762599825982,4,1,7
Chaoro (Lori),Mary Kom (Original Motion Picture Soundtrack),Priyanka Chopra,4TyDN5itL8rcus9YxPOiyb,2018-05-27,42,60000,100.44642857142856,0.0013331981021251,0.1829349261520174,0.8974231481552124,0.0290660616010427,1.0,-25.36824607849121,0.0922841802239418,0.2725022055332708,10,0,7
Engine Ki Seeti,Khoobsurat,"Sunidhi Chauhan, Resmi Sateesh",4QEcf7qwhCKoehH1ntV8qi,2014-08-12,38,60000,130.8139534883721,0.0014337380542558,0.209111262164504,1.0,0.0196955986320972,1.0,-16.055200576782227,0.103001095354557,0.1630405221846017,5,1,7
Abhi Toh Party Shuru Hui Hai,Khoobsurat,"Badshah, Aastha Gill",0rUN8ascPVT9iiLzC5ocPw,2014-08-12,61,60000,130.8139534883721,0.0012739982842351,0.3776989125544348,1.0,0.0,1.0,-15.03948974609375,0.0906406641006469,0.3678256232151823,5,1,7
Baal Khade,Khoobsurat,Sunidhi Chauhan,3nIJkIa3qRlS65TaDFkXhB,2014-08-12,20,60000,140.625,0.0013585945765642,0.1739577894485424,1.0,0.0,1.0,-18.05804443359375,0.1001201495528221,0.2401630785915675,2,1,7
Preet,Khoobsurat,Jasleen Royal,5Br8K1CLLVB7AuuM0t4G7r,2014-08-12,54,60000,86.53846153846153,0.0016574945270808,0.1476243633076342,1.0,0.0,1.0,-19.08683204650879,0.0877138301730156,0.1695035041549662,10,0,7
Maa Ka Phone,Khoobsurat,Priya Saraiya,1lBYgFwMRvvwgEhdAZTWVu,2014-08-12,29,60000,144.23076923076923,0.0012301115183274,0.2716439820420814,1.0,0.152077704668045,1.0,-14.34614086151123,0.0998628661036491,0.3426891913107441,5,1,7
Naina,Khoobsurat,"Sona Mohapatra, Armaan Malik",3SHopOL3KEJ8PFl3vJdfmF,2014-08-12,64,60000,80.35714285714286,0.0016278040138372,0.1740237499444543,1.0,0.0,1.0,-16.476116180419922,0.0945011749863624,0.211079725086758,3,0,7
Kill Dil,Kill Dil,"Shankar-Ehsaan-Loy, Sonu Nigam, Shankar Mahadevan, Gulzar",5DqatlowP9JciDW3fgDFaF,2014-09-25,41,60000,98.6842105263158,0.0017999905813474,0.2890224029616957,0.2831892669200897,0.0,1.0,-35.32144927978516,0.097416952252388,0.1968973949636873,4,1,7
Sweeta,Kill Dil,"Shankar-Ehsaan-Loy, Adnan Sami, Gulzar",4MTRLmWSQs2jgVWBSnkhVx,2014-09-25,26,60000,187.5,0.0013686341153353,0.197747396990535,0.868648111820221,0.0,1.0,-25.132953643798828,0.1013928577303886,0.2178851084478324,7,1,7
Happy Budday,Kill Dil,"Shankar-Ehsaan-Loy, Sukhwinder Singh, Shankar Mahadevan, Gulzar",7je0O1ryNFXxhXFAhhvxnF,2014-09-25,27,60000,175.78125,0.0018337435648574,0.2994059736602382,0.4612435698509216,0.0,1.0,-30.46941566467285,0.1089127883315086,0.2190061489275755,2,1,7
Sajde,Kill Dil,"Shankar-Ehsaan-Loy, Arijit Singh, Nihira Joshi Deshpande, Gulzar",7kiZ6Zf66oX6yMovt3gC1a,2014-09-25,65,60000,133.92857142857142,0.0010983993435324,0.2988266495678546,0.9245398640632628,0.5081267952919006,1.0,-22.0583724975586,0.1033507212996482,0.4057281292811237,3,0,7
Bol Beliya,Kill Dil,"Shankar-Ehsaan-Loy, Sunidhi Chauhan, Siddharth Mahadevan, Gulzar",6S5vJCx9wXUyFUsT4HUkVm,2014-09-25,33,60000,130.8139534883721,0.0011450154463792,0.3340834025339939,0.9075745344161988,0.0,1.0,-21.71357536315918,0.0930644199252128,0.2507242956257231,7,1,7
Daiyya Maiyya,Kill Dil,"Shankar-Ehsaan-Loy, Udit Narayan, Shankar Mahadevan, Rasika Shekar, Rap by: Jaaved Jaaferi, Gulzar",4yjmdu8ypr4ttdEcjgPl24,2014-09-25,25,60000,100.44642857142856,0.0016801669799755,0.275068286471294,1.0,0.0,1.0,-20.74574851989746,0.0955651104450225,0.2303718037658869,2,1,7
Baawra,Kill Dil,"Shankar-Ehsaan-Loy, Shankar Mahadevan, Nihira Joshi Deshpande, Gulzar",2XVUlB4LuTcLezieOyuCJt,2014-09-25,24,60000,110.29411764705884,0.002037179835073,0.4411377213495378,0.5810800194740295,0.002780215581879,1.0,-30.23326873779297,0.1008828729391098,0.217686770465533,4,1,7
Nakhriley,Kill Dil,"Shankar-Ehsaan-Loy, Shankar Mahadevan, Ali Zafar, Mahalakshmi Iyer, Gulzar",4SjTxGQCTzhidU6Y8ZWZXR,2014-09-25,30,60000,102.27272727272728,0.0010122372677873,0.3288512597760397,1.0,0.0644295588135719,1.0,-14.333979606628418,0.0906674042344093,0.3694036469734765,7,1,7
London Thumakda,Queen,"Labh Janjua, Sonu Kakkar, Neha Kakkar",2qJAzSE6uC94oH2NRoPrGl,2014-02-04,64,60000,140.625,0.0010469157344176,0.2030914990112868,1.0,0.0,1.0,-17.945209503173828,0.1071982681751251,0.1758879204858063,0,1,7
Badra Bahaar,Queen,Amit Trivedi,1e7gkz5Yn8d9Wkxe58qdV5,2014-02-04,40,60000,200.8928571428572,0.0013813690842576,0.1552870635498133,1.0,0.0,1.0,-15.762789726257324,0.0908271148800849,0.1301164274029514,5,1,7
O Gujariya,Queen,"Shefali Alvares, Nikhil D'Souza, Amit Trivedi",22EimU5vjrNYV9A3aIGqso,2014-02-04,56,60000,93.75,0.0013193671153667,0.3419839077219605,0.9477240443229676,0.0,1.0,-22.479541778564453,0.0856087803840637,0.191735615185467,0,1,7
Taake Jhanke,Queen,"Arijit Singh, Amit Trivedi",6bjYZmUWCJB16wNEeuZ3Tl,2014-02-04,48,60000,137.1951219512195,0.0011981546129892,0.1782855790914948,1.0,0.0,1.0,-20.8933162689209,0.0906020924448967,0.1478455558363414,6,0,7
Jugni,Queen,Amit Trivedi,57YNXFZt58cAXgIrxqbFsT,2014-02-04,50,60000,130.8139534883721,0.0015695007422989,0.1884508726226448,0.8765386939048767,0.1570150405168533,1.0,-22.82489967346192,0.0877909958362579,0.1486246482412176,2,1,7
Harjaiyaan,Queen,"Nandini Srikar, Amit Trivedi",4CKsvnbw74NjlGsu2aa6L7,2014-02-04,37,60000,175.78125,0.0021619043217972,0.1606185810022662,0.9249776005744934,0.0024152481928467,1.0,-23.06522750854492,0.0870056822896003,0.1138378965378382,10,0,7
Kinare,Queen,"Mohan Kannan, Amit Trivedi",2p9P80g69GvL8fcIaBC7nu,2014-02-04,47,60000,140.625,0.0015878675051213,0.1640628471605048,0.8628975749015808,0.0,1.0,-23.88385963439941,0.0880184769630432,0.1300646529379366,7,1,7
Ranjha (Queen),Queen,Rupesh Kumar Ram,6T8AGT4gxLBpGGVdIsK9Uz,2014-02-04,37,60000,165.44117647058823,0.0016912396629861,0.1132802085184856,1.0,0.0104866791516542,1.0,-17.41811752319336,0.0904041826725006,0.1576893670767875,8,0,7
Aaj Laagi Laagi Nai Dhoop,Ankhon Dekhi,Kailash Kher,4qsTPxlKfT56U9dURbxGiN,2014-03-04,19,60000,130.8139534883721,0.0011600258158971,0.2154742802668414,1.0,0.0,1.0,-21.063480377197266,0.1020002141594886,0.2225005082769707,4,1,7
Aayi Bahaar,Ankhon Dekhi,Kailash Kher,5PFtkzhpAPZZzaHho3J59Y,2014-03-04,11,60000,92.21311475409836,0.0010607099859297,0.2826112163393174,1.0,0.0,1.0,-21.754579544067383,0.0984216481447219,0.2246922471125849,11,1,7
Dheeme Re Re,Ankhon Dekhi,Mansheel Gujral,2n4ok19iydB5HedabXrFvL,2014-03-04,13,60000,92.21311475409836,0.00159290248673,0.1219865600282172,1.0,0.0,1.0,-20.0369873046875,0.1059396713972091,0.1501613908933742,10,0,7
Hakka Bakka,Ankhon Dekhi,Shaan,3ipUf8dJHmqhV90nveRbsw,2014-03-04,2,60000,130.8139534883721,0.0011836253804433,0.2136404049002399,1.0,0.0,1.0,-19.26084518432617,0.0996416956186294,0.2965594757838511,11,1,7
Kaise Sukh Soyein,Ankhon Dekhi,Ronkini Gupta,14t0AIH2dXgxjQiKyvOdlP,2014-03-04,8,60000,119.6808510638298,0.0017839811767408,0.2068334553023907,1.0,0.0085666961967945,1.0,-21.32679557800293,0.0996495708823204,0.2341641801081385,9,1,7
Yaad Saari Baari Baari,Ankhon Dekhi,Kailash Kher,7zYuStP8Cj9CZs34hAXAH1,2014-03-04,6,60000,79.22535211267606,0.0011084040987164,0.2361021235113757,0.7867019772529602,0.1357481926679611,1.0,-23.42783737182617,0.1048279553651809,0.2979893573094768,3,0,7
Nashe Si Chadh Gayi,Befikre,"Vishal-Shekhar, Arijit Singh, Caralisa Monteiro, Jaideep Sahni",0biCSADTAblvLTLtJz4pXO,2016-12-01,74,60000,96.98275862068964,0.0013704306557616,0.2442842626588606,1.0,0.0614444911479949,1.0,-17.3466854095459,0.1045107096433639,0.2703367509270034,0,1,7
Ude Dil Befikre,Befikre,"Vishal-Shekhar, Benny Dayal, Jaideep Sahni",0hgTkEDY9oIG5DPKN39KHP,2016-12-01,63,60000,108.17307692307692,0.0012581533404036,0.3195195854070387,1.0,0.0,1.0,-12.682981491088867,0.0778649896383285,0.3132784970252059,7,1,7
Je T'aime,Befikre,"Vishal-Shekhar, Vishal Dadlani, Sunidhi Chauhan, Jaideep Sahni",52hTNCMZSb80PePjObPGP2,2016-12-01,40,60000,122.28260869565216,0.0013689907998214,0.2245586027761731,1.0,0.0131304683163762,1.0,-19.53787422180176,0.0954673960804939,0.2496920583014277,10,0,7
You And Me,Befikre,"Vishal-Shekhar, Nikhil D'Souza, Rachel Varghese, Jaideep Sahni",1cOIsMUzpdtRgZFzgfpdDA,2016-12-01,39,60000,93.75,0.0008696638069124,0.1320507430623444,1.0,0.0,1.0,-11.6428804397583,0.0882896333932876,0.2194326324588422,6,0,7
Labon Ka Karobaar,Befikre,"Vishal-Shekhar, Papon, Jaideep Sahni",0EaTPP6lg928cnd90XshCx,2016-12-01,35,60000,119.6808510638298,0.0022215587675929,0.1866373929357003,1.0,0.0046762032434344,1.0,-18.570756912231445,0.0988434627652168,0.2173615743218052,4,1,7
Khulke Dulke,Befikre,"Vishal-Shekhar, Gippy Grewal, Harshdeep Kaur, Jaideep Sahni",1yuUBRdfEwyDjunvpLaOzl,2016-12-01,31,60000,93.75,0.0008733696634171,0.3111738468716672,1.0,0.0,1.0,-11.82437801361084,0.0940083414316177,0.383509373603807,0,1,7
Love Is A Dare -Instrumental,Befikre,"Vishal-Shekhar, Jaideep Sahni",2DVUPTfkYCKcKcFhwcsyKK,2016-12-01,30,60000,106.13207547169812,0.0011589432718807,0.3289363140997156,1.0,0.0,1.0,-18.2351188659668,0.0847078338265419,0.3221666104535759,7,1,7
Galliyan,Ek Villain,"Ankit Tiwari, Manoj Muntashir",3ySVdXje5nm31d7vL3jNV3,2014-05-28,65,60000,89.28571428571429,0.0013770412704654,0.1928880178246089,1.0,0.0142870415002107,1.0,-21.47900009155273,0.0912840962409973,0.2113310693351825,1,0,7
Banjaara,Ek Villain,Mohammed Irfan,4eFnk661RcdOuH9ajiTO3j,2014-05-28,67,60000,130.8139534883721,0.0018818048412663,0.163975189133043,1.0,0.0559537820518016,1.0,-20.514835357666016,0.1077411323785781,0.1991991360681781,8,0,7
Zaroorat,Ek Villain,Mustafa Zahid,32U1XMh3DKlm45uvpofhvY,2014-05-28,63,60000,95.33898305084746,0.0021037972518303,0.1609713828652684,0.9239211678504944,0.0,1.0,-23.085235595703125,0.088120087981224,0.1808413970842902,6,0,7
Awari,Ek Villain,"Adnan Dhool, Momina Mustehsan",7IEww1rwWe1scos6rarOYh,2014-05-28,65,60000,148.02631578947367,0.0013342614093165,0.1913527004921347,0.8421950936317444,0.00449845707044,1.0,-23.159791946411133,0.0890388861298561,0.2427263977423118,6,0,7
Humdard,Ek Villain,Arijit Singh,1OEmd2iXU8pWG7CrKNpGUg,2014-05-28,68,60000,170.45454545454547,0.0018676363575278,0.1791487068965517,1.0,0.0113667408004403,1.0,-17.34212303161621,0.0966317355632782,0.248613150915804,0,1,7
Galliyan (Unplugged),Ek Villain,"Shraddha Kapoor, Ankit Tiwari, Manoj Muntashir",0zlsXumKe7ymS1ANu5TDZP,2014-05-28,47,60000,85.22727272727273,0.0015902325609805,0.1844554891630376,1.0,0.0058772289194166,1.0,-14.708724975585938,0.1034835800528526,0.2677041284571836,6,0,7
Party To Banti Hai,Bhoothnath Returns,"Meet Bros Anjjan, Mika Singh",1ZdZsEaBrBujprmcEUSD69,2014-03-26,39,60000,130.8139534883721,0.0011354710183134,0.2258413608414059,1.0,0.0,1.0,-14.831964492797852,0.0850323885679245,0.219222882966709,11,1,7
Har Har Gange,Bhoothnath Returns,Aaman Trikha,4TetCFzFeIdoB0QERcFTb3,2014-03-26,19,60000,126.04801829268293,0.0009875387702406,0.3602968576153734,1.0,0.0,1.0,-14.314129829406738,0.0975524485111236,0.3502503416731654,2,1,7
Party With The Bhoothnath,Bhoothnath Returns,Yo Yo Honey Singh,0e4aaLjrK6sjHyp6eOlhjr,2014-03-26,47,60000,130.8139534883721,0.0024711047880004,0.2684839535471471,1.0,0.0,1.0,-21.695615768432617,0.0970784127712249,0.1810704456792046,10,0,7
Sahib,Bhoothnath Returns,Rituraj,1o4oMiPQH4bQPm4VtOD6IN,2014-03-26,20,60000,114.79591836734694,0.0012419531274917,0.1825270125588784,1.0,0.2204475402832031,1.0,-15.597882270812988,0.0921584218740463,0.1880190454781658,11,1,7
Dharavi Rap,Bhoothnath Returns,"Parth S. Bhalerao, Anish",5PbGuGfUsTHt5TvGqM2p9T,2014-03-26,20,60000,100.44642857142856,0.001076170972021,0.361728661432412,1.0,1.0,1.0,-17.151208877563477,0.1042154654860496,0.3570813625736084,3,0,7
"Party To Banti Hai (Remix By Meet Bros Anjjan,Feat. Dj Kiran,Abhi-Shree)",Bhoothnath Returns,"Meet Bros Anjjan, Mika Singh",1JbDMp6buhyp5xPtC4Gwwo,2014-03-26,20,60000,133.92857142857142,0.0008917434219077,0.3325545944609847,1.0,0.0,1.0,-16.77921485900879,0.0853480324149131,0.3913613681006406,6,0,7
Har Har Gange (Remix By Dj Kiran),Bhoothnath Returns,Aaman Trikha,178qIVvhd5KgxphHct6jwM,2014-03-26,12,60000,130.8139534883721,0.0008973059721007,0.3838015602781727,1.0,0.0,1.0,-14.95384120941162,0.089279256761074,0.4508107487790551,2,1,7
Patakha Guddi,Highway,"Sultana, Jyoti Nooran",7jpmNt5iCtSdXuT1xEGp8O,2014-01-22,64,60000,130.8139534883721,0.0009985342669413,0.2707912690521685,1.0,0.7309343814849854,1.0,-15.712587356567385,0.1051870137453079,0.2136412779317932,8,0,7
Maahi Ve,Highway,A.R. Rahman,1sbW5E7w8tnqpYk0Frx8QG,2014-01-22,73,60000,130.8139534883721,0.0012914970135392,0.2176266753965961,1.0,0.0,1.0,-15.8346586227417,0.0950262397527694,0.1590232376363596,5,1,7
Kahaan Hoon Main,Highway,Jonita Gandhi,4CJYLB9DKIXMX890tz6646,2014-01-22,37,60000,170.45454545454547,0.0018149117176984,0.1880768071787238,0.5299948453903198,0.0227806903421878,1.0,-32.52781677246094,0.0966994985938072,0.1418098490501599,4,1,7
Wanna Mash Up ?,Highway,"Kash, Krissy, SUVI",0doP8A9oasaHbGaTxiSz5R,2014-01-22,29,60000,119.6808510638298,0.0014138354087259,0.3327685321220672,1.0,0.0,1.0,-16.647132873535156,0.0888321623206138,0.3169474247412522,0,1,7
Sooha Saaha,Highway,"Zeba, Alia Bhatt",54dHaY92XZ47ltrZqZulGt,2014-01-22,42,60000,119.6808510638298,0.0015289408598448,0.2998147551546392,0.6148214340209961,0.0,1.0,-30.006181716918945,0.1106254532933235,0.3622231094399196,5,1,7
Patakha Guddi (Male Version),Highway,A.R. Rahman,7y4PpoGsedZu5QeRpIPPmV,2014-01-22,39,60000,137.1951219512195,0.000976051618676,0.261998127416237,1.0,0.0314362272620201,1.0,-20.683269500732425,0.1061795502901077,0.2994997751192825,2,1,7
Implosive Silence,Highway,Jonita Gandhi,4YNnOnlzDCWHujthPSPke8,2014-01-22,31,60000,137.1951219512195,0.0007358113752728,0.1485760170414148,0.3579889237880707,0.0062618432566523,1.0,-33.87925338745117,0.0892710983753204,0.1202863037458643,2,1,7
Tu Kuja,Highway,Sunidhi Chauhan,4wRPxzdZfvgPZbTZiWKkYt,2014-01-22,32,60000,140.625,0.0012277054708578,0.16680194354337,1.0,0.0,1.0,-15.818902969360352,0.0900918319821357,0.1481091190061723,10,0,7
Heera,Highway,Shweta Pandit,06UYovOMa895LAtuc6Zfki,2014-01-22,33,60000,104.16666666666669,0.0013984646419365,0.1590463778661571,1.0,0.0,1.0,-16.25621223449707,0.0994404777884483,0.149934081935586,9,1,7
"Tu Zaroori (From ""Zid"")","Tu Zaroori (From ""Zid"")","Shaarib Toshi, Sunidhi Chauhan, Sharib Sabri",0JJjxzyDzlSh4hbZvtvqVl,2014-11-15,55,60000,102.27272727272728,0.0011979773070802,0.2293459461373533,1.0,0.0,1.0,-18.41107749938965,0.0968247056007385,0.313881535114257,8,0,7
Sath De Tu Mala,Mumbai Pune Mumbai 2,"Bela Shende, Hrishikesh Ranade",0k5QWosqGysNugr9SkxNOc,2015-11-12,54,60000,108.17307692307692,0.0011414848339345,0.2203761865946054,1.0,0.0,1.0,-15.932631492614746,0.0934859961271286,0.2737987398915222,6,0,7
Saad Hi,Mumbai Pune Mumbai 2,"Bela Shende, Swapnil Bandodkar",0mdcMNZznKnwzUYVFaUW1P,2015-11-12,25,60000,119.6808510638298,0.0010895350462474,0.2660238874200142,1.0,0.0106982197612524,1.0,-16.377927780151367,0.0883575603365898,0.3063659016167172,0,1,7
Kaisi Ye Teri Preet,Mumbai Pune Mumbai 2,Avinash Vishwajeet,3XPSCsMTFW35kTkat7b3kT,2015-11-12,18,60000,92.21311475409836,0.001058863234075,0.2561415297002755,1.0,0.0,1.0,-15.153064727783203,0.0886118486523628,0.349882617884574,8,0,7
Band Baja,Mumbai Pune Mumbai 2,"Bela Shende, Anandi Joshi, Suresh Wadkar, Hrishikesh Ranade",3H8FH7R4kYiEo5TYzvHUf2,2015-11-12,28,60000,100.44642857142856,0.0011957733931265,0.2719776900773195,1.0,0.1519190669059753,1.0,-16.969621658325195,0.0787224173545837,0.3043674877070527,6,0,7
Let's Go Baby,Mumbai Pune Mumbai 2,Shikha Jain,64CpL8L3RwDiQmJo3nXIsS,2015-11-12,16,60000,127.8409090909091,0.0010095504019653,0.2099049578686011,1.0,0.0,1.0,-13.311665534973145,0.0835475027561187,0.3975555590077529,5,1,7
Aaj Phir,Hate Story 2,"Arijit Singh, Samira Koppikar",32SDVo3sSMGPL0IzRA6YTX,2014-06-18,57,60000,170.45454545454547,0.0009761493007761,0.2366775420480803,1.0,0.0,1.0,-14.900674819946287,0.0948527455329895,0.2736603277869227,4,1,7
Kabhi Aayine Pe Likha Tujhe,Hate Story 2,KK,739IveImaxOatSzo2ZeKQA,2014-06-18,46,60000,156.25,0.0013649166318956,0.169663414004177,1.0,0.0,1.0,-15.897418022155762,0.100912794470787,0.1607312914737124,9,1,7
Pink Lips,Hate Story 2,"Meet Bros Anjjan, Khushboo Grewal",2tyITgmOGVz6rqleDokbEN,2014-06-18,51,60000,137.1951219512195,0.0012007629229407,0.4120921037648862,1.0,0.0,1.0,-15.166634559631348,0.0817558392882347,0.390127065977952,7,1,7
Hai Dil Ye Mera,Hate Story 2,Arijit Singh,7iUtPrsHS509HB8bCtSlvX,2014-06-18,60,60000,57.39795918367347,0.001034249437027,0.2080597997855936,1.0,0.2288853377103805,1.0,-15.09475803375244,0.0980033725500106,0.2842152767730284,4,1,7
Aaj Phir (Remix By Dj Shiva),Hate Story 2,"Arijit Singh, Samira Koppikar",5iGIrAKzPkIloqudlLhrX9,2014-06-18,32,60000,104.16666666666669,0.0012745138579632,0.4072513844760931,1.0,0.0,1.0,-18.74724769592285,0.0816779807209968,0.4964735630832939,1,0,7
"Pink Lips (Remix By Meet Bros Anjjan,Dj Sumit Sethi,Prince)",Hate Story 2,"Meet Bros Anjjan, Khushboo Grewal",18PialgNX11T9GgkhW15HQ,2014-06-18,34,60000,137.1951219512195,0.0011116266811646,0.5145691113246533,1.0,0.0,1.0,-11.680670738220217,0.0880438089370727,0.3962342112529929,2,1,7
"Hai Dil Ye Mera (Remix By Dj Chetas,Dj Nyk)",Hate Story 2,Arijit Singh,7KCIca0I6nWuUOv5OnwGoo,2014-06-18,29,60000,130.8139534883721,0.001021237359117,0.3263712319198809,1.0,0.0191820971667766,1.0,-17.545896530151367,0.0897859930992126,0.2961342289966917,4,1,7
Kabhi Aayine Pe Likha Tujhe (Remix By Dj A-Myth),Hate Story 2,KK,5zBrgNvCce2BYTF2tar36L,2014-06-18,22,60000,137.1951219512195,0.0010059283215247,0.3150846099582297,1.0,0.0042863134294748,1.0,-13.939939498901367,0.0905743986368179,0.3948706166832946,9,1,7
Sawan Aaya Hai,Creature 3D,"Tony Kakkar, Arijit Singh",2znIV62IxtbY9gSEPdIAho,2014-08-16,60,60000,80.35714285714286,0.0013744155081276,0.2226487860491468,0.9648332595825196,0.0094758616760373,1.0,-23.43759536743164,0.0911467522382736,0.2090882115344839,1,0,7
Hum Naa Rahein Hum,Creature 3D,Benny Dayal,2WUTAX3XiWnpXeyjdokgqF,2014-08-16,40,60000,77.05479452054794,0.0016969081935087,0.1426178748777994,1.0,0.0539422705769538,1.0,-22.33354949951172,0.1033476069569587,0.166849653518208,10,0,7
Naam - E - Wafa,Creature 3D,"Farhan Saeed, Tulsi Kumar",12FqG1iqOj8f2BrZpq0MTM,2014-08-16,49,60000,104.16666666666669,0.001237579313051,0.1276908410726981,1.0,0.0,1.0,-15.512539863586426,0.0980759859085083,0.1314704444014962,0,1,7
Ik Pal Yahi,Creature 3D,Saim Bhat,2p5HDzTukYWPDEht5WJHmU,2014-08-16,52,60000,95.33898305084746,0.0014298636820292,0.1600205970327497,1.0,0.0,1.0,-22.21359634399414,0.0892823040485382,0.1383592607147131,8,0,7
Mehboob Ki,Creature 3D,Mithoon,5AF4g3g9bLTZcVYoca6JLk,2014-08-16,35,60000,90.7258064516129,0.0013138535344451,0.2104738671458407,1.0,0.0042450246401131,1.0,-15.493048667907717,0.0898947939276695,0.2283281530593182,4,1,7
Sawan Aaya Hai (Unplugged),Creature 3D,Tony Kakkar,0nqpxdqlz99uWN238dzJUH,2014-08-16,33,60000,160.71428571428572,0.0015180500561765,0.1214836112468894,1.0,0.021788652986288,1.0,-18.55350112915039,0.0931424275040626,0.1846061106505878,10,0,7
Hum Naa Rahein Hum (Remix),Creature 3D,"Benny Dayal, DJ Notorious",73QzAHIl2sEOEIE8SDtI34,2014-08-16,25,60000,130.8139534883721,0.001137031447821,0.2952751976037593,1.0,0.1840077638626098,1.0,-15.1863431930542,0.0945900306105613,0.2680787451819022,10,0,7
Naam - E - Wafa (Remix),Creature 3D,"Farhan Saeed, Tulsi Kumar, DJ Angel",7dZYDafJglZ4w9h7LJCTZu,2014-08-16,27,60000,86.53846153846153,0.0009180778791055,0.2953663272362691,1.0,0.0030331804882735,1.0,-12.911829948425291,0.0848729982972145,0.4224392115697952,6,0,7
Sawan Aaya Hai (Remix),Creature 3D,"Arijit Singh, Tony Kakkar, Dj Shiva",2w2TBbX2FAFx3Rti3WWzoH,2014-08-16,25,60000,95.33898305084746,0.0011066091416506,0.3438789701275328,1.0,0.0,1.0,-12.979984283447266,0.0820077210664749,0.3762078623757232,1,0,7
Mohabbat Barsa De,Creature 3D,"Arjun, Arijit Singh, Samira Koppikar",7y4Q6tWBcGokufUGvSG1rB,2014-08-16,45,60000,160.71428571428572,0.001232303635702,0.1984295673824653,1.0,0.0,1.0,-21.37137031555176,0.0961974039673805,0.1721416244822236,10,0,7
Mashallah,Ek Tha Tiger,"Sajid-Wajid, Wajid, Shreya Ghoshal, Kausar Munir",1prGortu002OYC8sGfpAIj,2012-07-16,56,60000,110.29411764705884,0.0007712205895131,0.5546466218505599,1.0,0.0,1.0,-20.847496032714844,0.0926456078886985,0.4392916266730101,9,1,7
Laapata,Ek Tha Tiger,"Sohail Sen, KK, Palak Muchhal, Anvita Dutt",3G2I8KB7bTWmvE1tHSlMHg,2012-07-16,58,60000,108.17307692307692,0.0007764703469922,0.2182073013408727,1.0,0.0,1.0,-13.371217727661133,0.0838176161050796,0.3470783422012444,6,0,7
Banjaara,Ek Tha Tiger,"Sohail Sen, Sukhwinder Singh, Neelesh Misra",0XjHjMiFErp8ZTOIpA6eRS,2012-07-16,54,60000,119.6808510638298,0.0011419131474069,0.2402042588262086,1.0,0.0,1.0,-15.77808952331543,0.090490348637104,0.2824505057048053,7,1,7
Saiyaara,Ek Tha Tiger,"Sohail Sen, Mohit Chauhan, Tarannum Malik Jain, Kausar Munir",1ocYa8PoVd5e2vPn0xHJcA,2012-07-16,71,60000,92.21311475409836,0.0011571765127381,0.1442178508542925,1.0,0.0,1.0,-14.752801895141602,0.0913153886795044,0.1807864146973894,8,0,7
Tigers Theme,Ek Tha Tiger,Julius Packiam,34TMYzSevBzOJkx5mEIb7D,2012-07-16,35,60000,109.9567819148936,0.0008288268079576,0.1953602132413409,0.6951749324798584,0.0,1.0,-26.641586303710938,0.0763631239533424,0.1999697436138562,7,1,7
Mashallah (Remix),Ek Tha Tiger,"Sajid-Wajid, Wajid, Shreya Ghoshal, Joshilay, Kausar Munir",0OYMXFBhQcX3OftaTlHtHV,2012-07-16,29,60000,110.29411764705884,0.0007712205895131,0.5546466218505599,1.0,0.0,1.0,-20.847496032714844,0.0926456078886985,0.4392916266730101,9,1,7
Laapata (Remix),Ek Tha Tiger,"Sohail Sen, KK, Palak Muchhal, Joshilay, Anvita Dutt",2WJUmf0YbqEM67ipXGsLyO,2012-07-16,29,60000,63.20224719101124,0.0009201381002256,0.3230328497156061,1.0,0.0,1.0,-21.38957595825196,0.0823629945516586,0.3575159867551988,11,1,7
Banjaara (Remix),Ek Tha Tiger,"Sohail Sen, Joshilay, Neelesh Misra",1E7iWof1269zwY3WlHTaUS,2012-07-16,33,60000,119.6808510638298,0.0011419131474069,0.2402042588262086,1.0,0.0,1.0,-15.77808952331543,0.090490348637104,0.2824505057048053,7,1,7
Saturday Saturday,Humpty Sharma Ki Dulhania (Original Motion Picture Soundtrack),"Shaarib Toshi, Badshah, Indeep Bakshi, Akriti Kakar",5L9gWUx3Ystgb42kn3AF0i,2014-06-19,62,60000,137.1951219512195,0.0012914199267678,0.4449543171491735,1.0,0.0845506265759468,1.0,-16.187353134155273,0.098557524383068,0.3930230479796182,1,0,7
Samjhawan,Humpty Sharma Ki Dulhania (Original Motion Picture Soundtrack),"Jawad Ahmad, Shaarib Toshi, Arijit Singh, Shreya Ghoshal",4LO5DjN6Tp3UkUvgESuy2t,2014-06-19,68,60000,106.13207547169812,0.0013789071503589,0.35114981294992,0.7003929615020752,0.1582932919263839,1.0,-26.58892822265625,0.0937468037009239,0.2780845588260487,4,1,7
Daingad Daingad,Humpty Sharma Ki Dulhania (Original Motion Picture Soundtrack),"Sachin-Jigar, Divya Kumar, Akriti Kakar, Pratibha Baghel, Deepali Sathe, Niharika Sinha, Udit Narayan",7KB15ElXvkfdnkQcRSq7BD,2014-06-19,35,60000,130.8139534883721,0.000964752725934,0.2394088273195876,1.0,0.0082239722833037,1.0,-13.42218780517578,0.0912374258041381,0.3056509529050264,2,1,7
Lucky Tu Lucky Me,Humpty Sharma Ki Dulhania (Original Motion Picture Soundtrack),"Sachin-Jigar, Benny Dayal, Anushka Manchanda, Varun Dhawan",7wVuc5To4LyVZvZllNSlpB,2014-06-19,53,60000,144.23076923076923,0.0008272548775846,0.4290074993612246,0.5963459014892578,0.0,1.0,-26.265016555786133,0.0891272872686386,0.44084932649487,2,1,7
Emotional Fool,Humpty Sharma Ki Dulhania (Original Motion Picture Soundtrack),"Shaarib Toshi, Toshi Sabri",3THqU6OPi09WBYeP8hucTG,2014-06-19,33,60000,119.6808510638298,0.0010741301496713,0.4209060750311055,1.0,0.006431046873331,1.0,-22.541748046875,0.0907960534095764,0.4344144745502463,0,1,7
D Se Dance,Humpty Sharma Ki Dulhania (Original Motion Picture Soundtrack),"Sachin-Jigar, Vishal Dadlani, Shalmali Kholgade, Anushka Manchanda",6tIilLqzatIQU1RDP1kUSu,2014-06-19,41,60000,133.92857142857142,0.0010021239340133,0.2201730976992978,1.0,0.0185905359685421,1.0,-20.52496719360352,0.0810219496488571,0.3115928859705568,2,1,7
Unkahi,Unkahi,"Salem Sandhu, Taimour Baig, Nimit",7KChAOHsG8xZPBcEXawu3M,2024-10-01,49,60000,95.33898305084746,0.0024532169405406,0.1515030140475026,1.0,0.0,1.0,-21.747203826904297,0.096467837691307,0.1836946619039469,4,1,7
Daawat-e-Ishq,Daawat-e-Ishq,"Sajid-Wajid, Javed Ali, Sunidhi Chauhan, Kausar Munir",4CugsCV0mb9QHnffgfnpQO,2014-07-17,47,60000,102.27272727272728,0.0011400384109608,0.2544126703863757,0.8816561698913574,0.0,1.0,-25.83292961120605,0.1021883338689804,0.1948570959377474,7,1,7
Mannat,Daawat-e-Ishq,"Sajid-Wajid, Sonu Nigam, Shreya Ghoshal, Keerthi Sagathia, Kausar Munir",2fqNdySq1LqGO95LAFjJe0,2014-07-17,47,60000,117.1875,0.0010932308476859,0.1390607815555012,1.0,0.0956684574484825,1.0,-17.300716400146484,0.09547621011734,0.1635045712660844,7,1,7
Rangreli,Daawat-e-Ishq,"Sajid-Wajid, Wajid, Shreya Ghoshal, Kausar Munir",7LsgHvHwP7xEQNwq3Bigaz,2014-07-17,26,60000,100.44642857142856,0.0006670406381598,0.5040935430923391,1.0,0.0236325673758983,1.0,-17.50246810913086,0.0917579010128974,0.4273678830501467,9,1,7
Shayarana,Daawat-e-Ishq,"Sajid-Wajid, Shalmali Kholgade, Kausar Munir",5KgWWdwGv8YPIfyTOHQplr,2014-07-17,54,60000,104.16666666666669,0.0010177155575708,0.2203097921480625,1.0,0.0,1.0,-19.22843742370605,0.0975106582045555,0.2517069061533948,9,1,7
Jaadu Tone Waaliyan,Daawat-e-Ishq,"Sajid-Wajid, Shabab Sabri, Kausar Munir",62NcVDMpSLEmVMNUE8zGlc,2014-07-17,24,60000,85.22727272727273,0.0007928367307121,0.2627944268241201,1.0,0.0,1.0,-14.08360195159912,0.0810856521129608,0.335860692237781,10,0,7
Mannat (Reprise),Daawat-e-Ishq,"Sajid-Wajid, Sonu Nigam, Shreya Ghoshal, Kausar Munir",4UIUFsNrC0ikrk0Lqq5zTn,2014-07-17,30,60000,117.1875,0.0010932308476859,0.1390607815555012,1.0,0.0956684574484825,1.0,-17.300716400146484,0.09547621011734,0.1635045712660844,7,1,7
Hawa Hawa,"Hawa Hawa (From ""Mubarakan"")","Mika Singh, Prakriti Kakar, Gourov-Roshin",3AKgg2xh1XZEmB8vNks2Gi,2017-06-29,61,60000,137.1951219512195,0.0009842635901524,0.2671860072098293,1.0,0.0073401005938649,1.0,-15.909953117370604,0.0996751636266708,0.2598889789793495,0,1,7
Rabba,Heropanti,Mohit Chauhan,5jOHD4c6UayVZn9Xm7IvyO,2014-04-21,58,60000,170.45454545454547,0.0012209114584316,0.2293350973715784,1.0,0.0,1.0,-18.05706024169922,0.088769257068634,0.2163920551019627,11,1,7
Raat Bhar,Heropanti,"Arijit Singh, Shreya Ghoshal",3ctaMit7CuiHIPVYrRvm15,2014-04-21,64,60000,130.8139534883721,0.001323862453211,0.2190608822320476,1.0,0.0052978042513132,1.0,-19.43774032592773,0.091739647090435,0.2662981831651797,8,0,7
Tabah,Heropanti,Mohit Chauhan,1e83DKixcGxhymeItWkyug,2014-04-21,49,60000,112.5,0.0012062157972425,0.2631207576986313,1.0,0.0,1.0,-17.741147994995117,0.0917061269283294,0.3189551858669027,4,1,7
The Pappi,Heropanti,"Manj, Raftaar",6fPrH7XDUtLRCNleI39bmf,2014-04-21,36,60000,127.8409090909091,0.0012030603411034,0.3952591587884376,1.0,0.0,1.0,-15.76911735534668,0.0986819416284561,0.3018742195567222,5,1,7
Tere Binaa,Heropanti,Mustafa Zahid,1DsQyEshUaan0BBb7fUQHr,2014-04-21,62,60000,148.02631578947367,0.001771218717249,0.1454194601515286,1.0,0.013889324851334,1.0,-18.98176002502441,0.0956357344985008,0.1962669827146383,10,0,7
Tabah (Remix By Dj Angel),Heropanti,Mohit Chauhan,6PBhPPrLmyQrggdQIXAKT4,2014-04-21,33,60000,130.8139534883721,0.0017346037121926,0.3213903465772751,1.0,0.0703236758708953,1.0,-11.848268508911133,0.0888886451721191,0.452914077919073,4,1,7
Shaayraana,Holiday - A Soldier Is Never Off Duty (Original Motion Picture Soundtrack),"Arijit Singh, Pritam",0EZTe2i9yDYsYVO1YNEVZf,2014-06-06,54,60000,133.92857142857142,0.0011500643820796,0.1840805558178546,0.7124349474906921,0.0,1.0,-24.25132179260254,0.0915110260248184,0.2425525003827224,9,1,7
Ashq Na Ho,Holiday - A Soldier Is Never Off Duty (Original Motion Picture Soundtrack),"Pritam, Arijit Singh",1dJIMapce3U27ja5xbOVLw,2014-06-06,45,60000,170.45454545454547,0.0010593409430586,0.1674185873900195,0.6803551316261292,0.0,1.0,-25.9163818359375,0.0961521193385124,0.1947336538993281,9,1,7
Blame The Night,Holiday - A Soldier Is Never Off Duty (Original Motion Picture Soundtrack),"Pritam, Aditi Singh Sharma, Arijit Singh, Piyush Kapoor",1kMI1loXVXmYl6AaEVNoGP,2014-06-06,42,60000,140.625,0.001180558196881,0.2735316672869267,1.0,0.0,1.0,-15.12399196624756,0.0898639857769012,0.3376569179062628,3,0,7
Ashq Na Ho - Asees Kaur Version,Holiday - A Soldier Is Never Off Duty (Original Motion Picture Soundtrack),"Asees Kaur, Pritam",3sM2RWNNHaxDms2Z8KrE00,2014-06-06,19,60000,152.02702702702703,0.0010759587275352,0.1560312888819765,0.6758871078491211,0.018322279676795,1.0,-25.227218627929688,0.0934325009584426,0.2194753039532715,1,0,7
Tu Hi Toh Hai,Holiday - A Soldier Is Never Off Duty (Original Motion Picture Soundtrack),"Pritam, Benny Dayal",1DzSdh9FAKnYIbz1XkS7Cc,2014-06-06,51,60000,127.8409090909091,0.0009879784997164,0.3266129424213472,1.0,0.0,1.0,-14.496556282043455,0.100744679570198,0.3023915166400406,0,1,7
Tu Hi Toh Hai - Kunal Version,Holiday - A Soldier Is Never Off Duty (Original Motion Picture Soundtrack),"Kunal Ganjawala, Pritam",1HEWi4gMVWBd7aOppeGzgk,2014-06-06,32,60000,127.8409090909091,0.0009879784997164,0.3266129424213472,1.0,0.0,1.0,-14.496556282043455,0.100744679570198,0.3023915166400406,0,1,7
Palang Tod,Holiday - A Soldier Is Never Off Duty (Original Motion Picture Soundtrack),"Pritam, Ritu Pathak, Mika Singh",6nPDi3BOBdhcnvmh9ShfgA,2014-06-06,27,60000,152.02702702702703,0.0017729772809439,0.364558453497156,1.0,0.0078575443476438,1.0,-19.310670852661133,0.0988414213061332,0.3126321131301348,11,1,7
Palang Tod - Version 2,Holiday - A Soldier Is Never Off Duty (Original Motion Picture Soundtrack),"Mika Singh, Pritam, Ritu Pathak",5BIPAOQDVOjV0xAzfQF2Z4,2014-06-06,15,60000,152.02702702702703,0.0007480851661905,0.2017067625477692,1.0,0.0168422609567642,1.0,-22.26201438903809,0.0853267610073089,0.4142119586970865,11,1,7
Hamari Atariya,Dedh Ishqiya,Rekha Bhardwaj,2hykXvjXceH1wGiJErDJjj,2014-01-10,49,60000,89.28571428571429,0.0008949820758974,0.2414700928168325,0.9094110131263732,0.0042772120796144,1.0,-23.01496696472168,0.0949292257428169,0.3038118001657551,1,0,7
Dedh Ishqiya Instrumental,Dedh Ishqiya,Vishal Bhardwaj,0peZ9rcOhLa8GsQLoGcmw6,2014-01-10,10,60000,140.625,0.0017825094454988,0.0757651764686277,0.6697630286216736,0.026174983009696,1.0,-28.44019317626953,0.090938001871109,0.0947351010576712,9,1,7
Dil Ka Mizaaj Ishqiya,Dedh Ishqiya,Rahat Fateh Ali Khan,3QvUL9lNZKzyRYdXh3t2Yu,2014-01-10,35,60000,144.23076923076923,0.0016002572144716,0.1449876792736846,0.5884106159210205,0.0595286265015602,1.0,-28.122764587402344,0.0929464995861053,0.1634351189226855,8,0,7
Jagaave Saari Raina,Dedh Ishqiya,Rekha Bhardwaj,4Y5YYrofXOcGZnrH03AhvF,2014-01-10,32,60000,110.29411764705884,0.0017804004940739,0.2640138280972272,1.0,0.0159873273223638,1.0,-23.17144775390625,0.0931164994835853,0.2718678563552328,11,1,7
Zabaan Jale Hai,Dedh Ishqiya,Rahat Fateh Ali Khan,7EoVFJC88anCO86Ih3YDX7,2014-01-10,32,60000,86.53846153846153,0.001068452843378,0.121643739029728,0.7984763383865356,0.0,1.0,-26.17801856994629,0.0983359590172767,0.184795502245584,10,0,7
Kya Hoga,Dedh Ishqiya,"Master Saleem, Shahid Mallya, Jazim Sharma, Jamal Akbar",3dVPHlx4FRAt9Su1Opm9gz,2014-01-10,21,60000,144.23076923076923,0.000942385400281,0.3064381436355758,0.6615386009216309,0.01347869168967,1.0,-27.29101753234864,0.090386264026165,0.3055654413620671,7,1,7
Dil Ka Mizaaj Ishqiya (Remix),Dedh Ishqiya,"Rahat Fateh Ali Khan, Dj Angel",2YfdNZBrraI2cF17Ujmdqi,2014-01-10,9,60000,144.23076923076923,0.0016002572144716,0.1449876792736846,0.5884106159210205,0.0595286265015602,1.0,-28.122764587402344,0.0929464995861053,0.1634351189226855,8,0,7
Horn Ok Please,Dedh Ishqiya,"Yo Yo Honey Singh, Sukhwinder Singh, Anushka Manchanda",5aU2FNCWBTPHLUmSowuTTI,2014-01-10,25,60000,119.6808510638298,0.0008862010849855,0.3096029455874511,0.9295044541358948,0.0,1.0,-24.09501075744629,0.1017560511827468,0.3998795644940422,10,0,7
Horn Ok Please - Version 2,Dedh Ishqiya,"Yo Yo Honey Singh, Sukhwinder Singh, Anushka Manchanda",31kOkXb4mw2OrJjhgJT5cU,2014-01-10,6,60000,117.1875,0.0010262473960303,0.2668106399140152,1.0,0.0,1.0,-14.237085342407228,0.0983388423919677,0.3227980116055655,10,0,7
Dard Dilo Ke,The Xpose,Aaman Trikha,0rqlhEaVJ5fySEEKOQ7xnx,2014-08-20,18,60000,102.27272727272728,0.0010155738641636,0.2208891162404461,1.0,0.0,1.0,-17.070833206176758,0.0878586247563362,0.233990163642826,2,1,7
Dard Dilo Ke - Remix(Remix By Kiran Kamath),The Xpose,Aaman Trikha,4ifvFvzi3BX45tfmpbSZTl,2014-08-20,11,60000,102.27272727272728,0.0011078537439288,0.1713770850459918,1.0,0.0,1.0,-15.192468643188477,0.0865627229213714,0.2303313116133446,2,1,7
IM Just Pakaoed,One By Two,Siddharth Mahadevan,2ZcJvPaw3qkaoOr6PTGoUP,2014-01-23,2,60000,156.60511363636363,0.0011006182772967,0.3331569990506481,1.0,0.0063576376996934,1.0,-20.121511459350582,0.0786275267601013,0.2767850883934965,4,1,7
Kaboom,One By Two,Anushka Manchanda,4DCtzZ2SXN0VideDMVzAQd,2014-01-23,6,60000,114.79591836734694,0.0009598427541754,0.3302021480903395,1.0,0.0266771707683801,1.0,-15.976057052612305,0.1094972342252731,0.2255741532709181,0,1,7
Khuda Na Khasta,One By Two,Arijit Singh,4NyBfSIXoWudhRSjeaCl46,2014-01-23,15,60000,120.18531976744184,0.001004814566028,0.2741593399284055,1.0,0.0123773561790585,1.0,-17.020219802856445,0.089120365679264,0.3566571636911395,9,1,7
Khushfehmiyan Unplugged,One By Two,Shankar Mahadevan,4ZyEwCiRsKveQsWp1w6HkQ,2014-01-23,3,60000,95.33898305084746,0.0014119247400119,0.3859457103459385,1.0,0.0238801762461662,1.0,-19.69688606262207,0.0978114977478981,0.2299038746911638,4,1,7
Khushfehmiyan,One By Two,Shankar Mahadevan,2bczZaYbCzIeY9bQdZuQwr,2014-01-23,5,60000,95.703125,0.0014078217263966,0.3514306980758998,1.0,0.0,1.0,-19.822240829467773,0.0969810560345649,0.2367488116558888,4,1,7
Sheher Mera,One By Two,Thomson Andrews,3kOLqjLsi37ou3njSIncAN,2014-01-23,15,60000,117.1875,0.0017086472952104,0.1705946720583007,1.0,1.0,1.0,-20.02703094482422,0.1154307425022125,0.1241904250770093,5,1,7
Mileya Mileya,Happy Ending (Original Motion Picture Soundtrack),"Rekha Bhardwaj, Jigar Saraiya, Sachin-Jigar, Priya Saraiya",2IarWd16hKAvXU8vnEunVb,2014-10-21,67,60000,125.0,0.0012943160560461,0.2032603058067454,1.0,0.0,1.0,-19.383731842041016,0.0845664292573928,0.2919388569929685,4,1,7
Paaji Tussi Such A Pussycat,Happy Ending (Original Motion Picture Soundtrack),"Sachin-Jigar, Amitabh Bhattacharya, Jigar Saraiya, Divya Kumar",0i8Xp1HwT4KldH0KhbEEDr,2014-10-21,28,60000,112.5,0.0010853298151115,0.1520771307323142,1.0,0.0,1.0,-13.574502944946287,0.0955517515540123,0.2623392622447487,6,0,7
Jaise Mera Tu,Happy Ending (Original Motion Picture Soundtrack),"Sachin-Jigar, Arijit Singh, Priya Saraiya",7G7ulwd8y8UDjzSfiu3H6y,2014-10-21,57,60000,100.44642857142856,0.0014576576230009,0.1875834053112779,1.0,0.0330301411449909,1.0,-19.64640235900879,0.0972762703895568,0.2402448722782034,11,1,7
G Phaad Ke,Happy Ending (Original Motion Picture Soundtrack),"Sachin-Jigar, Divya Kumar, Shefali Alvares, Ashish Pandit",6CTQEddr97jXs1eYqVVl2u,2014-10-21,46,60000,127.8409090909091,0.0011848628284385,0.2442855645107536,1.0,0.0120080411434173,1.0,-16.046857833862305,0.0950124561786651,0.2942595410386232,3,0,7
Khamma Ghani,Happy Ending (Original Motion Picture Soundtrack),"Sachin-Jigar, Papon, Smita Jain, Vidhi Mehta, Amitabh Bhattacharya",7nFcHlIpLrKL4W3jySnYly,2014-10-21,28,60000,93.75,0.00150315531148,0.2516245375822076,0.7824185490608215,0.0148842437192797,1.0,-24.62939453125,0.0942916348576545,0.2052219330328675,2,1,7
Haseena Tu Kameena Mein,Happy Ending (Original Motion Picture Soundtrack),"Sachin-Jigar, Siddharth Basru, Rahul Pandey, Shruti Pathak, Amitabh Bhattacharya",0naR6ZvSVHfX4JzpjT0nyx,2014-10-21,25,60000,93.75,0.0008189415368436,0.2986170514130821,1.0,0.0,1.0,-19.621171951293945,0.0970454514026641,0.3486947241740998,10,0,7
Happy Ending - (Mashup by Kiran Kamath),Happy Ending (Original Motion Picture Soundtrack),"Sachin-Jigar, Divya Kumar, Shefali Alvares, Amitabh Bhattacharya, Jigar Saraiya, Ashish Pandit, Priya Saraiya, Kiran Kamath",2ii5U5b8PHtNEi29CIRPWG,2014-10-21,11,60000,125.0,0.001076698070825,0.3839794800368823,1.0,0.0409943871200084,1.0,-15.20671844482422,0.0836692601442337,0.3219073844319653,7,1,7
G Phaad Ke - Remix,Happy Ending (Original Motion Picture Soundtrack),"Sachin-Jigar, Divya Kumar, Shefali Alvares, Ashish Pandit",5qY5JkAAGm4jHksRyGAxCQ,2014-10-21,17,60000,125.0,0.0007315805471057,0.3384749829197032,1.0,0.0,1.0,-23.49823951721192,0.0810485705733299,0.380072297593113,1,0,7
Paaji Tussi Such A Pussycat - Remix,Happy Ending (Original Motion Picture Soundtrack),"Sachin-Jigar, Amitabh Bhattacharya, Jigar Saraiya, Divya Kumar",0BsKmEpeL3kIBWJRpp1TBK,2014-10-21,8,60000,130.8139534883721,0.00101027375764,0.3320420987657749,1.0,0.0,1.0,-15.71069622039795,0.0739973783493042,0.3428593753999932,2,1,7
"Phir Kabhi (From ""M.S.Dhoni - The Untold Story"")",2016 Shining Star - Arijit Singh,Arijit Singh,77gskLti3ilCnuwlDq0m8j,2016-12-30,62,60000,165.44117647058823,0.0013595540254197,0.2146836222171614,1.0,0.0,1.0,-13.606480598449709,0.0916852876543998,0.190237963089279,11,1,7
"Itni Si Baat Hain (From ""Azhar"")",2016 Shining Star - Arijit Singh,"Arijit Singh, Antara Mitra",3agI1kgV2GROYsEWe38F4u,2016-12-30,40,60000,156.25,0.002107009283683,0.1954049314844027,1.0,0.0465008579194545,1.0,-16.01006507873535,0.0996516644954681,0.2256282292006307,2,1,7
"Ishq Mubarak (From ""Tum Bin 2"")",2016 Shining Star - Arijit Singh,Arijit Singh,6iK74sYY8uVhXeWmBxUbam,2016-12-30,39,60000,93.75,0.0012021185708853,0.1910732362857714,1.0,0.0,1.0,-15.27755641937256,0.0965690910816192,0.19932917491889,2,1,7
"Lo Maan Liya (From ""Raaz Reboot"")",2016 Shining Star - Arijit Singh,Arijit Singh,0VgwIvS4QrT75GqKpIyoUz,2016-12-30,66,60000,110.29411764705884,0.0012543765859752,0.1604575853181656,1.0,0.0,1.0,-17.981605529785156,0.0909029692411422,0.1473948260502177,8,0,7
"Yaad Hai Na (From ""Raaz Reboot"")",2016 Shining Star - Arijit Singh,Arijit Singh,0a8VuthzR0X6cG5ke46uuK,2016-12-30,50,60000,140.625,0.001214024653307,0.2006995631332207,1.0,0.0,1.0,-16.522951126098633,0.092088758945465,0.1682862938268723,7,1,7
"Nindiya (From ""Sarbjit"")",2016 Shining Star - Arijit Singh,Arijit Singh,2H3efYHvVrlUC4Wv4a9JcR,2016-12-30,39,60000,165.44117647058823,0.0012947868822914,0.1974180284616068,1.0,0.0840482264757156,1.0,-18.184215545654297,0.0900094881653785,0.2428570128491796,11,1,7
"Chalte Chalte (From ""Tutak Tutak Tutiya"")",2016 Shining Star - Arijit Singh,Arijit Singh,7xGsP3oFimiwW7z0bLdDLV,2016-12-30,38,60000,92.21311475409836,0.0016562138198205,0.1551074079885798,1.0,0.0,1.0,-18.92783737182617,0.0941491052508354,0.2009854704211181,1,0,7
"Dil Ke Paas (Indian Version) [From ""Wajah Tum Ho""]",2016 Shining Star - Arijit Singh,"Arijit Singh, Tulsi Kumar",6qIplWDd9PGuKmkvOhNDNn,2016-12-30,39,60000,86.53846153846153,0.001439989922894,0.2050139003066121,1.0,0.005150981247425,1.0,-21.194204330444336,0.0979039445519447,0.2428160018051704,8,0,7
"Dil Ke Paas (From ""Wajah Tum Ho"")",2016 Shining Star - Arijit Singh,"Arijit Singh, Tulsi Kumar, Neuman Pinto",6C1bGb69cbaxWT01I0j7Ii,2016-12-30,48,60000,148.02631578947367,0.0013913580696998,0.1626551113135442,1.0,0.0,1.0,-18.656124114990234,0.0985040813684463,0.1798838431395902,7,1,7
"Dekh Lena (From ""Tum Bin 2"")",2016 Shining Star - Arijit Singh,"Arijit Singh, Tulsi Kumar",41GKjlHKRumjutbPjMr0UT,2016-12-30,56,60000,100.44642857142856,0.0010301963252323,0.1709904350337717,1.0,0.0264952927827835,1.0,-17.508153915405273,0.0951697528362274,0.1927676385540717,0,1,7
Fugly,Fugly,Yo Yo Honey Singh,2N9938r4qmE9yvxLRS7mIq,2014-05-17,58,60000,96.98275862068964,0.0009570118008692,0.4360357637808833,1.0,0.161820963025093,1.0,-15.476848602294922,0.0893408879637718,0.3042201546470295,4,1,7
Dhup Chik,Fugly,Raftaar,21lyA2vyS98vmmW2NUdd9a,2014-05-17,40,60000,122.28260869565216,0.0013800757030323,0.3748404797480448,1.0,0.0,1.0,-16.85570526123047,0.091295376420021,0.312594935551988,1,0,7
Banjarey,Fugly,Yo Yo Honey Singh,1hJYImNQ3ad4gjgJpyO9Lw,2014-05-17,44,60000,96.98275862068964,0.0009570118008692,0.4360357637808833,1.0,0.161820963025093,1.0,-15.476848602294922,0.0893408879637718,0.3042201546470295,4,1,7
Good In Bed,Fugly,"Prashant Vadhyar, Rajiv Sundaresan, Sunaina Sarkar",7iHJRL2WLlitw7NSXrAcKq,2014-05-17,12,60000,102.27272727272728,0.0010722848053377,0.4621821571998311,1.0,0.0878143161535263,1.0,-16.877824783325195,0.0837253406643867,0.3050036205962335,11,1,7
Dhuaan,Fugly,"Arijit Singh, Pavni Pandey",0IgpYS4DLpZP5sPpo8v97m,2014-05-17,48,60000,152.02702702702703,0.0015048184182122,0.1660299453708229,1.0,0.0,1.0,-16.660446166992188,0.0997757464647293,0.2625266977129641,11,1,7
G Pe Danda,Fugly,"Aaman Trikha, Pavni Pandey, Prashant Vadhyar",1Qkj4IY8MrHLE5UFmJbiPd,2014-05-17,12,60000,110.29411764705884,0.0012593286882325,0.303105402789504,1.0,0.0125925419852137,1.0,-18.928077697753903,0.1056809499859809,0.3027768275516251,0,1,7
Lovely Jind Wali,Fugly,"Pavni Pandey, Santokh Singh, Prashant Vadhyar",6uNjCQu9zdFm4w9rJyDwuS,2014-05-17,11,60000,119.6808510638298,0.0012828358848533,0.3777579298402506,1.0,0.0,1.0,-19.96686553955078,0.0992246717214584,0.271606223792642,4,1,7
Tu Mere Type Ka Nahin Hai,Dishkiyaoon (Original Motion Picture Soundtrack),"Kunal Ganjawala, Gayatri Ganjawala",0EnED823uDcPih5svkqvgZ,2014-02-27,15,60000,127.8409090909091,0.0012644775364349,0.2851463559256132,1.0,0.3389633893966675,1.0,-18.152698516845703,0.0951455533504486,0.344400009845462,2,1,7
Tu Hi Hai Aashiqui - Solo,Dishkiyaoon (Original Motion Picture Soundtrack),Arijit Singh,1Fw0VfUgSJlgsMjbGXT4P9,2014-02-27,52,60000,100.44642857142856,0.0016313322222532,0.1971090556123355,1.0,0.0,1.0,-15.646449089050291,0.0950572565197944,0.2270261734985353,0,1,7
Nachle Tu,Dishkiyaoon (Original Motion Picture Soundtrack),"Mika Singh, Palak Muchhal",1TtbF9qFvi06GUfAVe3QPv,2014-02-27,15,60000,125.0,0.0015260773534781,0.4184538200153305,1.0,0.0360411331057548,1.0,-11.800002098083496,0.0906043127179145,0.3912138975815751,9,1,7
Tutey,Dishkiyaoon (Original Motion Picture Soundtrack),Sukhwinder Singh,3s757JF1c8vRibPfsbaVM3,2014-02-27,12,60000,114.79591836734694,0.001312081580542,0.1636028594916459,1.0,0.0,1.0,-12.96803379058838,0.0937230214476585,0.2518552692542619,0,1,7
Tu Hi Hai Aashiqui - Duet,Dishkiyaoon (Original Motion Picture Soundtrack),"Arijit Singh, Palak Muchhal",25lsnAgJnW8aYfNAOthKko,2014-02-27,63,60000,100.44642857142856,0.0016689232102431,0.1981171229281461,1.0,0.0073568848893046,1.0,-18.389514923095703,0.095948040485382,0.2551500907201062,0,1,7
Nissar,Dishkiyaoon (Original Motion Picture Soundtrack),"Vishal Dadlani, Sneha Khanwalkar",2XNdclSP9UVjsZliuq8Q2y,2014-02-27,14,60000,100.44642857142856,0.0015439563778426,0.2362353463550924,1.0,0.0,1.0,-21.21590232849121,0.0961451381444931,0.3610125778746171,5,1,7
Tu Hi Hai Aashiqui - Remix,Dishkiyaoon (Original Motion Picture Soundtrack),"Arijit Singh, Altamash Faridi",7FboyQDfoa15WwB4fe1iyt,2014-02-27,23,60000,130.8139534883721,0.0010217325197506,0.2878325103314966,1.0,0.0,1.0,-17.82737159729004,0.0897896438837051,0.2896576421715834,0,1,7
Total Siyapaa,Total Siyapaa,Ali Zafar,6sFHGU3pLZS9RJFdCoTiaN,2014-02-25,18,60000,104.16666666666669,0.0007114509067679,0.2522381437744401,1.0,0.0,1.0,-13.810362815856934,0.0961552560329437,0.2812671799971594,3,0,7
Palat Meri Jaan,Total Siyapaa,Ali Zafar,28EkxM2v1o3V5o4tz8wPWH,2014-02-25,44,60000,165.44117647058823,0.0011197681793906,0.1594395371378421,1.0,0.0075122131966054,1.0,-20.404525756835938,0.0920668765902519,0.1748421042308578,2,1,7
Nahin Maloom,Total Siyapaa,"Ali Zafar, Fariha Pervez",7EqmtaGgaUxJ6MfNZqlDQ3,2014-02-25,36,60000,104.16666666666669,0.0007114509067679,0.2522381437744401,1.0,0.0,1.0,-13.810362815856934,0.0961552560329437,0.2812671799971594,3,0,7
Asha,Total Siyapaa,Ali Zafar,4iEiwWnkABHiATqHp98TKD,2014-02-25,11,60000,165.44117647058823,0.0009711693031804,0.2818513687844383,1.0,0.003949811682105,1.0,-18.003551483154297,0.0978301912546157,0.3154604211311552,9,1,7
Chal Buleya,Total Siyapaa,Ali Zafar,5rDYRP58vMIIXp1loYN0qz,2014-02-25,22,60000,133.92857142857142,0.0010741411023825,0.1854527077130732,1.0,0.0,1.0,-18.11658096313477,0.0956436991691589,0.2411058758798868,5,1,7
Jogi,Shaadi Mein Zaroor Aana (Original Motion Picture Soundtrack),"Yasser Desai, Aakanksha Sharma",2tqIKAq7jGWdt7u6Gb8tRF,2017-10-24,66,60000,160.71428571428572,0.0014956951426866,0.2700175350770974,1.0,0.0,1.0,-16.509613037109375,0.1029198467731475,0.3679330959219279,9,1,7
Main Hoon Saath Tere,Shaadi Mein Zaroor Aana (Original Motion Picture Soundtrack),Arijit Singh,42LKIOzgYXRoP2SKAK6vWS,2017-10-24,55,60000,165.44117647058823,0.0013445467569137,0.2024640063988624,1.0,0.0740677714347839,1.0,-17.7349910736084,0.0946637541055679,0.2874207172839852,8,0,7
Pallo Latke,Shaadi Mein Zaroor Aana (Original Motion Picture Soundtrack),"Zain - Sam, Fazilpuria, Yasser Desai, Jyotica Tangri, Kumaar",2Z75W3sVrq9hVGJOskxcAw,2017-10-24,47,60000,110.29411764705884,0.0009843193583395,0.3244162843272307,1.0,0.5260802507400513,1.0,-17.8798770904541,0.0982215777039527,0.2597011858568389,4,1,7
Tu Banja Gali Benaras Ki,Shaadi Mein Zaroor Aana (Original Motion Picture Soundtrack),Asit Tripathy,4iu3NRqmdwFWCowNmu4oDG,2017-10-24,42,60000,160.71428571428572,0.0012784962417815,0.2064294472649306,1.0,0.5714773535728455,1.0,-14.394121170043944,0.0999863371253013,0.2806521499827676,2,1,7
Mera Intkam Dekhegi,Shaadi Mein Zaroor Aana (Original Motion Picture Soundtrack),Krishna Beuraa,35dOMSdn9pDNkdGQXbj0E7,2017-10-24,47,60000,140.625,0.0012313122647934,0.2808454712217827,1.0,0.0845941752195358,1.0,-13.318204879760742,0.0949164479970932,0.2617737765074166,5,1,7
Jogi,Shaadi Mein Zaroor Aana (Original Motion Picture Soundtrack),Aakanksha Sharma,5qlBbFPvCOuU7J18G5KJXT,2017-10-24,38,60000,160.71428571428572,0.0015143537965467,0.2196241501510842,1.0,0.0,1.0,-12.601426124572754,0.098419964313507,0.3079666033233275,4,1,7
Jogi,Shaadi Mein Zaroor Aana (Original Motion Picture Soundtrack),Shafqat Amanat Ali,1lMNUh3IRs3JCfx9SqH4bj,2017-10-24,40,60000,160.71428571428572,0.0014853251219471,0.3501274252632865,1.0,0.0,1.0,-15.26157569885254,0.0948786959052085,0.3375316792674352,8,0,7
Main Hoon Saath Tere,Shaadi Mein Zaroor Aana (Original Motion Picture Soundtrack),Shivangi Bhayana,2UGRMNEr9xIArQ3F6DuuGp,2017-10-24,36,60000,165.44117647058823,0.0012427360945691,0.2385443976626377,1.0,0.0,1.0,-14.887221336364746,0.097414530813694,0.1757538925082883,0,1,7
Tu Banja Gali Benaras Ki,Shaadi Mein Zaroor Aana (Original Motion Picture Soundtrack),Shafqat Amanat Ali,0eZWIr7ChiydXNR3rrFXAR,2017-10-24,33,60000,160.71428571428572,0.0010885574081713,0.2817784650784305,0.9710508584976196,0.0,1.0,-21.9443416595459,0.0914555490016937,0.345187696695371,7,1,7
Tu Banja Gali Benaras Ki,Shaadi Mein Zaroor Aana (Original Motion Picture Soundtrack),Asees Kaur,3VwLknug4oiEJ78gpGIftN,2017-10-24,49,60000,156.25,0.0011325612974437,0.2054066256276661,1.0,0.0147525444626808,1.0,-15.001946449279783,0.100814439356327,0.2676395535857583,2,1,7
Mera Intkam Dekhegi,Shaadi Mein Zaroor Aana (Original Motion Picture Soundtrack),Anand Raj Anand,5DpZ27On2Y4T3TXIUrlXTG,2017-10-24,32,60000,140.625,0.001054044122094,0.2560274006843228,1.0,0.0,1.0,-14.37375259399414,0.0888920202851295,0.3479992575795209,4,1,7
Ji Huzoor,Shamshera,"Mithoon, Aditya Narayan",3F7pBlPDi2jfr7f6NoeXeL,2022-07-07,34,60000,140.625,0.0016499586753433,0.1583195105592339,0.9067748188972472,0.0,1.0,-23.23018455505371,0.0907320156693458,0.1835362613794707,1,0,7
Fitoor,Shamshera,"Mithoon, Arijit Singh, Neeti Mohan, Karan Malhotra",7eNSk0grNnO7MqjLZzs6MM,2022-07-07,56,60000,137.1951219512195,0.0020391605831933,0.1572975568232314,0.90407532453537,0.0192089080810546,1.0,-23.05927085876465,0.107417419552803,0.1914687308911604,2,1,7
Kaale Naina,Shamshera,"Mithoon, Neeti Mohan, Shadab Faridi, Sudesh Bhosle, Traditional Kalaam",347xAtoS6tRW04pK7KcFPc,2022-07-07,29,60000,133.92857142857142,0.0013718392226896,0.1772393241201564,1.0,0.0,1.0,-18.91298484802246,0.1003829166293144,0.2622759227364603,2,1,7
Shamshera Title Track,Shamshera,"Mithoon, Sukhwinder Singh, Abhishek Nailwal",5yS4w5F0ldpTj0NDzcGt55,2022-07-07,31,60000,92.21311475409836,0.0012334257560136,0.2297781609658283,1.0,0.0,1.0,-15.181705474853516,0.0804955661296844,0.3482763189952174,2,1,7
Hunkara,Shamshera,"Mithoon, Sukhwinder Singh, Richa Sharma, Piyush Mishra",5EMBosAioITjzN8evYePjU,2022-07-07,36,60000,98.6842105263158,0.0016068011674966,0.2380531655483469,1.0,0.0,1.0,-20.975170135498047,0.0984368026256561,0.2491605990326855,1,0,7
Parinda,Shamshera,"Mithoon, Sukhwinder Singh, Karan Malhotra",7t8S5xEzzuqGokN8T3Ji2B,2022-07-07,40,60000,148.02631578947367,0.0019018900275737,0.1473961052757287,0.4228800535202026,0.0126457680016756,1.0,-31.43041038513184,0.1021333187818527,0.1644969343748392,5,1,7
Naach Meri Rani (Feat. Nora Fatehi),Naach Meri Rani (Feat. Nora Fatehi),"Guru Randhawa, Tanishk Bagchi, Nikhita Gandhi",1orM67pmkNc4alrZkWjYkV,2020-10-20,64,60000,127.8409090909091,0.001245371404924,0.2802600718205652,1.0,0.0,1.0,-23.35820770263672,0.1027951389551162,0.2961600876156777,1,0,7
"Rait Zara Si (From ""Atrangi Re"")","Rait Zara Si (From ""Atrangi Re"")","A.R. Rahman, Arijit Singh, Shashaa Tirupati",4uK0M8AI6gyFmyzUneQpbi,2021-12-06,72,60000,83.95522388059702,0.0012525494546766,0.1587391408194098,0.993733823299408,0.0169074572622776,1.0,-22.854019165039062,0.1014830991625785,0.2143723519343733,4,1,7
"Roar Of Kesari (From ""Bhagavanth Kesari"")","Roar Of Kesari (From ""Bhagavanth Kesari"")","Thaman S, Chorus",7cpIx6HUfvfDAB4gM06qEg,2023-10-17,55,60000,100.44642857142856,0.0013796934574902,0.2732452598704675,1.0,0.0353080108761787,1.0,-14.427868843078612,0.0800072625279426,0.2975958096520016,0,1,7
Suttamla Soosi,Gangs Of Godavari,"Yuvan Shankar Raja, Anurag Kulkarni, Sri Harsha Emani",2NbecghCUO21ZzWXk24JnO,2023-08-16,62,60000,122.28260869565216,0.0010475886211858,0.3653538850037771,1.0,0.0,1.0,-16.641599655151367,0.102151446044445,0.3132248424163175,0,1,7
City Slums (feat. DIVINE),City Slums (feat. DIVINE),"Raja Kumari, DIVINE",6xzQ1uSk2Rzz6Xdf8xBnWn,2017-10-04,51,60000,165.44117647058823,0.0008012537354613,0.2981353662126733,1.0,0.0,1.0,-13.735716819763184,0.0852590203285217,0.3370611909359132,5,1,7
Kina Roi Hovegi,Pyar Tera,Hardev Mahinangal,76erSxFHNlGCZxANbEVqTB,2006-10-01,52,60000,102.27272727272728,0.0008125702626918,0.5025413016852559,1.0,0.1733715534210205,1.0,-17.79555892944336,0.0805598422884941,0.3333504245939536,10,0,7
Pag,Pyar Tera,"Hardev Mahinangal, Suman Bhatti",6M2AddvNx34hemyxG3RpDb,2006-10-01,17,60000,160.71428571428572,0.0009118363917443,0.4000452002977248,1.0,0.0123159866780042,1.0,-19.49310874938965,0.0924698710441589,0.3102349307354327,8,0,7
Pyar Tera,Pyar Tera,Hardev Mahinangal,3AOTxWI2L9ssOHIPeXMHET,2006-10-01,39,60000,156.25,0.0010448072325837,0.2238482255932278,1.0,0.0,1.0,-18.97316169738769,0.0938007980585098,0.1985120246768872,8,0,7
Kick-Kich,Pyar Tera,Hardev Mahinangal,4eIstyRCDpqbdPlV0hjHWr,2006-10-01,15,60000,83.95522388059702,0.0006810713760183,0.4126336741523729,1.0,0.0452953577041626,1.0,-18.528181076049805,0.0925455838441848,0.2951452386980022,8,0,7
Yaad Karda,Pyar Tera,Hardev Mahinangal,4Us2ecKIl5W6wa3gNGKzrT,2006-10-01,29,60000,140.625,0.0013169134517414,0.4800982429512531,1.0,0.0,1.0,-18.44781494140625,0.0861562341451644,0.3209283825911699,5,1,7
Duji Mulakat,Pyar Tera,Hardev Mahinangal,2HRalexgn1hRhaqH7hcVxp,2006-10-01,15,60000,165.44117647058823,0.0007164501190642,0.4004483404339228,1.0,0.0,1.0,-18.802534103393555,0.0931258723139762,0.3044609530787513,8,0,7
Zindagi,Pyar Tera,"Hardev Mahinangal, Saira Khan",45X8NwAylOZMkuIhxzxKnl,2006-10-01,21,60000,130.8139534883721,0.0014418359703146,0.2020886391030483,1.0,0.0078047094866633,1.0,-18.73306655883789,0.0929061248898506,0.1576940624648531,6,0,7
Waadhe,Pyar Tera,Hardev Mahinangal,0eaaM76jheOp74WYA5nkFZ,2006-10-01,26,60000,160.71428571428572,0.0011417665783759,0.3684557641141574,1.0,0.0,1.0,-17.849557876586914,0.0942071378231048,0.309202902179659,8,0,7
Khushbhu,Pyar Tera,Hardev Mahinangal,3BDQ3ibBbJYoEFQA4LSrvd,2006-10-01,15,60000,140.625,0.0010015822799463,0.5553179434767153,1.0,0.0,1.0,-20.011823654174805,0.0877743139863014,0.3616878289612753,11,1,7
Sali,Pyar Tera,Hardev Mahinangal,3L8ZwTmOSI92ruu40lQn4n,2006-10-01,13,60000,86.53846153846153,0.0010427774411,0.4881827432067632,1.0,0.0009375978261232,1.0,-20.81488800048828,0.0876677706837654,0.3145569597394817,10,0,7
VIP Rahan (Dj ASIM Remix),VIP Rahan (Dj ASIM Remix),Sajan Bendre,3Mcktea77IcreqwKb2kqVH,2025-04-17,0,60000,133.92857142857142,0.0010773747320883,0.3323788444554301,1.0,0.0,1.0,-13.022143363952637,0.0943744778633117,0.3418020785172704,6,0,7
Paisaa,Paisaa,Kushal Grumpy,4gDlagealcSx1ocWfcxRzI,2023-10-17,58,60000,95.33898305084746,0.0011651465216484,0.3239111657927479,1.0,0.4629878997802734,1.0,-19.30230140686035,0.1010363847017288,0.2767672553369752,5,1,7
Baby Ko Bass Pasand Hai,Sultan,"Vishal-Shekhar, Vishal Dadlani, Shalmali Kholgade, Isheeta, Badshah, Irshad Kamil",7fllsOe1cV2pTBzdbkgrX7,2016-05-31,55,60000,117.1875,0.0010834439621217,0.2950846932767508,1.0,0.0,1.0,-15.724979400634766,0.1045845448970794,0.3349172376381264,0,1,7
Jag Ghoomeya,Sultan,"Vishal-Shekhar, Rahat Fateh Ali Khan, Irshad Kamil",4KCbZcshgibfJSCAkg87Lv,2016-05-31,68,60000,110.29411764705884,0.0009960614601435,0.1926788536204674,0.9047831296920776,0.1664734780788421,1.0,-22.26809310913086,0.0878228396177291,0.1905892849506106,6,0,7
440 Volt,Sultan,"Vishal-Shekhar, Mika Singh, Irshad Kamil",4K1zKRQr4GzysIYelA2XUw,2016-05-31,52,60000,108.17307692307692,0.0012387578526302,0.2392968680567899,1.0,0.0384115800261497,1.0,-16.526365280151367,0.0886664539575576,0.3023006497253804,6,0,7
Sultan,Sultan,"Vishal-Shekhar, Sukhwinder Singh, Shadab Faridi, Irshad Kamil",3kSBSSsXtebECjCggW87yq,2016-05-31,62,60000,106.13207547169812,0.001322564825986,0.1862064799591183,0.8030755519866943,0.0181981958448886,1.0,-25.01742935180664,0.0687155872583389,0.214279147152709,6,0,7
Sachi Muchi,Sultan,"Vishal-Shekhar, Mohit Chauhan, Harshdeep Kaur, Irshad Kamil",4uR9n7HU8WlyEqJuD9xi4T,2016-05-31,45,60000,114.79591836734694,0.0009090039210786,0.3000009199753377,1.0,0.0,1.0,-14.627036094665527,0.1011665314435958,0.2862558111425741,6,0,7
Bulleya,Sultan,"Vishal-Shekhar, Papon, Irshad Kamil",3tgdOveYac7YMEAQD9sGLf,2016-05-31,76,60000,96.98275862068964,0.0011742843843343,0.2139025110813633,0.6699332594871521,0.0227601751685142,1.0,-25.35388946533203,0.0871182009577751,0.242153685135933,11,1,7
Tuk Tuk,Sultan,"Vishal-Shekhar, Nooran Sisters, Vishal Dadlani, Irshad Kamil",5PxD7p2nZ2frgNgxikpdhU,2016-05-31,42,60000,106.13207547169812,0.0012414827764323,0.2754315031494401,1.0,0.0691620558500289,1.0,-18.701377868652344,0.0949454009532928,0.325270454106855,11,1,7
Jag Ghoomeya (Female),Sultan,"Vishal-Shekhar, Neha Bhasin, Irshad Kamil",4YRK38dk1rgrpjKubcSt18,2016-05-31,51,60000,106.13207547169812,0.0013354350014507,0.2436216200453252,0.827081561088562,0.0,1.0,-24.239351272583008,0.0983593612909317,0.2953466480827404,10,0,7
Rise Of Sultan,Sultan,"Vishal-Shekhar, Shekhar Ravjiani, Chorus, Irshad Kamil",5Byhl7uKwvfxFIcyNqcObU,2016-05-31,51,60000,106.13207547169812,0.001322564825986,0.1862064799591183,0.8030755519866943,0.0181981958448886,1.0,-25.01742935180664,0.0687155872583389,0.214279147152709,6,0,7
Revolver Rani,Revolver Rani,"Usha Uthup, Puneet Sharma",6rN1ECVbE6hwdoD0BnB1aG,2014-04-16,6,60000,117.1875,0.0015886699954631,0.2885099072664859,1.0,0.0134790064767003,1.0,-18.47275352478028,0.090386688709259,0.2732550968673595,3,0,7
Thaayein Kare Katta,Revolver Rani,"Piyush Mishra, Puneet Sharma",6y7G0KZBCjZKGm6LMY6udk,2014-04-16,12,60000,127.8409090909091,0.0014051581790503,0.3239675793747777,1.0,0.0150016173720359,1.0,-16.381114959716797,0.0840904936194419,0.3103017305524115,3,0,7
Kaafi Nahi Chaand,Revolver Rani,Asha Bhosle,0g06EnMOurlg7957oRXS2A,2014-04-16,2,60000,104.16666666666669,0.0014881439357841,0.2165747790670547,1.0,0.0082708643749356,1.0,-16.288772583007812,0.0975926518440246,0.1790449385058634,5,1,7
Chal Lade Re Bhaiya,Revolver Rani,"Piyush Mishra, Puneet Sharma",2RIkuLYC7exVUQ3HM4NLuS,2014-04-16,20,60000,137.1951219512195,0.0015477590193575,0.3543480291003821,1.0,0.0,1.0,-22.3781681060791,0.0924274921417236,0.2510086611702019,1,0,7
Sulgi Hui Hai Raakh,Revolver Rani,Sanjeev Srivastava,3ZLCWZHMsLjHSHzkFGTC5a,2014-04-16,2,60000,156.25,0.0013646672979518,0.2378709062833273,1.0,0.0,1.0,-17.23794937133789,0.0905374810099601,0.2704427030458297,6,0,7
Banna Banni,Revolver Rani,"Rekha Bhardwaj, Puneet Sharma",6zcJzGJIdc4up7SfMHG7CV,2014-04-16,4,60000,122.28260869565216,0.000835107294737,0.2448926614435211,1.0,0.0,1.0,-19.81260299682617,0.0970044881105423,0.2948359768188732,0,1,7
I Am Brutal,Revolver Rani,"Sanjeev Srivastava, Puneet Sharma",2nRAfkMeeB7eX6wM3O4VWX,2014-04-16,2,60000,119.6808510638298,0.0013743775812698,0.2797289162482225,1.0,0.3624051809310913,1.0,-17.115934371948242,0.089570328593254,0.2873301603785722,2,1,7
Saawan Ki Aye Hawa,Revolver Rani,"Garima Aneja, Rahul Gandhi, Puneet Sharma",0JohZa3h7eNGtEYlSiWiZ4,2014-04-16,1,60000,90.7258064516129,0.0009833234042753,0.3635629707496445,1.0,0.0247737374156713,1.0,-21.988454818725582,0.0996734946966171,0.3208531294240236,4,1,7
Bol Rahi Hai Payal,Revolver Rani,"Anweshaa, Avi Dutta",54pVd1kDOi9Hq0AvPGcBAu,2014-04-16,1,60000,90.7258064516129,0.0012562561721217,0.3551261025817632,1.0,0.0,1.0,-18.90947151184082,0.0921684205532074,0.3615839229454052,9,1,7
Chanda Ki Katori Hai (Lorie) V1,Revolver Rani,"Garima Aneja, Puneet Sharma",7DVumZjFWq6NL6rmHIkxmi,2014-04-16,1,60000,75.0,0.0012239861863182,0.1751576629432545,1.0,0.0,1.0,-19.685171127319336,0.0946799665689468,0.309364875326159,7,1,7
Pehle Lohe Ki Chingaari,Revolver Rani,"Sameera, Gorisha, Keka, Manjeera, Puneet Sharma",6SM7fWjuSzkT5KaI2RR72O,2014-04-16,1,60000,130.8139534883721,0.0014269169906935,0.2356152309033949,1.0,0.0,1.0,-15.693702697753906,0.0818343684077262,0.2389616650023527,7,1,7
We Mix You Michael Jackson,Revolver Rani,Saleem Javed,2D64Oydt6hPpTjF6xz8V5v,2014-04-16,1,60000,114.79591836734694,0.001596509494566,0.2977682439788481,1.0,0.0,1.0,-17.487852096557617,0.0920294672250747,0.2853886600823503,7,1,7
Zardozi Lamhe,Revolver Rani,Moin Sabri,49owvUO7Ks43ldn1xXDv1O,2014-04-16,1,60000,152.02702702702703,0.0012161697391497,0.2580196680312389,1.0,0.0771468952298164,1.0,-16.699190139770508,0.1023405790328979,0.3399055506692244,7,1,7
Chanda Ki Katori Hai (Lorie) V2,Revolver Rani,Piyush Mishra,5CGcNsarEgFfwpNIJ9ZkK4,2014-04-16,25,60000,148.02631578947367,0.0014966108078763,0.1421782828885975,1.0,0.0,1.0,-20.13800621032715,0.1000545024871826,0.1742409016621265,7,1,7
Revolver Rani (Reprise),Revolver Rani,Usha Uthup,3mvrS5yIBEq2Vp4GRLJRxA,2014-04-16,1,60000,104.16666666666669,0.0015638879811528,0.2012224736435744,1.0,0.0,1.0,-17.165082931518555,0.0710659027099609,0.2023919850706,1,0,7
In Waadiyon Mein,Bombay Dreams,Taba Chake,30c9hcpnPPhxtwmlrFehpy,2019-04-25,35,60000,165.44117647058823,0.0012953863967648,0.139557655027995,1.0,0.0,1.0,-15.467025756835938,0.0922747701406478,0.257683936652854,0,1,7
Aao Chalein,Bombay Dreams,Taba Chake,7ADt3F5qdx8qPYdy6ODCar,2019-04-25,49,60000,127.8409090909091,0.001029683378708,0.2079330862013419,1.0,0.0202407110482454,1.0,-17.58727264404297,0.0920078158378601,0.3035491062271874,10,0,7
Hugulo,Bombay Dreams,Taba Chake,6pKUv9JE0u3x7eeCNgrtX0,2019-04-25,27,60000,137.1951219512195,0.001301688371561,0.1471018867479114,1.0,0.0777140334248542,1.0,-18.580228805541992,0.0953465476632118,0.222323011225058,8,0,7
My Other Side,Bombay Dreams,Taba Chake,1ZPoArKbJCY5cvyIPq799e,2019-04-25,30,60000,73.05194805194805,0.0015572987094612,0.1965739944843138,1.0,0.0252545084804296,1.0,-22.00601577758789,0.0985094606876373,0.204925028411251,2,1,7
Shaayad,Bombay Dreams,Taba Chake,5bCHdS1G42HA5OpEMXtrp9,2019-04-25,49,60000,193.9655172413793,0.0014128372833585,0.1510629881076697,1.0,0.4485302567481994,1.0,-13.758498191833496,0.0954956486821174,0.2391152788991395,7,1,7
Meri Dastaan,Bombay Dreams,Taba Chake,4adjaPCIrSLoK6RDv3ak28,2019-04-25,39,60000,100.44642857142856,0.0018425419167441,0.1830559983780661,1.0,0.1273122131824493,1.0,-21.45543098449707,0.1027667596936225,0.2363081738210443,7,1,7
No Doma Lo,Bombay Dreams,Taba Chake,2SbzjfifAP9ZuyGHoUUD2h,2019-04-25,38,60000,193.9655172413793,0.0012250164575684,0.1785038562588873,1.0,0.2751113176345825,1.0,-14.979530334472656,0.0947587192058563,0.2786650384686141,6,0,7
Walk With Me,Bombay Dreams,Taba Chake,08YrV0Lmiqf3Y99UBt9c6r,2019-04-25,43,60000,160.71428571428572,0.0021696666316186,0.2017510255121311,1.0,0.0,1.0,-26.61323356628418,0.1072089225053787,0.2974138480521512,2,1,7
This Is The Day,Bombay Dreams,Taba Chake,1mb5PXR1CfltUeQCrghL82,2019-04-25,30,60000,137.1951219512195,0.0012653171958628,0.1565802364301902,1.0,0.0,1.0,-14.383257865905762,0.0937114953994751,0.2798998153836572,8,0,7
Keeping Me From Sleep Tonight,Bombay Dreams,Taba Chake,050y5VnIU5Irxp08CEgFqR,2019-04-25,17,60000,93.75,0.0012366087090163,0.2267804300068876,1.0,0.0,1.0,-14.741965293884276,0.0776299685239791,0.3264350208472399,6,0,7
Chiggy Wiggy,Blue,"Kylie Minogue, Sonu Nigam, Suzanne, A.R. Rahman, Abbas Tyrewala",4nt1pLbjBHtpHFarYXRHHN,2009-09-10,55,60000,125.0,0.0013525016003038,0.3111343573642463,1.0,0.0,1.0,-16.921024322509766,0.1043623313307762,0.2959357724754752,4,1,7
Aaj Dil Gustakh Hai,Blue,"Sukhwinder Singh, Shreya Ghoshal, A.R. Rahman, Mayur Puri",5o7HqUzyLnMf0w2qwR2EbR,2009-09-10,32,60000,148.02631578947367,0.0013485956204842,0.3199891199897796,1.0,0.0,1.0,-20.33625602722168,0.0966575443744659,0.3132878744689657,9,1,7
Fiqrana,Blue,"Vijay Prakash, Shreya Ghoshal, A.R. Rahman, Rajat Arora",0Rst56O0QOcxlDtryl3j7X,2009-09-10,38,60000,100.44642857142856,0.0011963459177688,0.3022900095538571,1.0,0.0,1.0,-21.07613182067871,0.1022501289844513,0.3045984440335784,5,1,7
Bhoola Tujhe,Blue,"Rashid Ali, A.R. Rahman, Abbas Tyrewala",6KT8XtoFe5Blr0o729lvRy,2009-09-10,29,60000,125.0,0.0010638957795703,0.1581463642574653,1.0,0.0144351227208971,1.0,-22.325374603271484,0.0904250293970108,0.2489835573379478,4,1,7
Blue Theme,Blue,"Blaaze, Raqueeb Alam, Sonu Kakkar, Jaspreet Singh, Neha Kakkar, Dilshad, A.R. Rahman",3iz38ks5UWQepz9oJok4T2,2009-09-10,39,60000,95.33898305084746,0.0012430284997751,0.3865020350548791,1.0,0.0,1.0,-18.2065372467041,0.0896448343992233,0.3863157370331428,5,1,7
Rehnuma,Blue,"Sonu Nigam, Shreya Ghoshal, A.R. Rahman, Abbas Tyrewala",6fE600whLFamU4OlkBrpm5,2009-09-10,23,60000,89.28571428571429,0.0016481904652123,0.202600700847627,1.0,1.0,1.0,-17.76211929321289,0.0975423008203506,0.2361389017515833,5,1,7
Yaar Mila Tha,Blue,"Udit Narayan, Madhushree, A.R. Rahman, Abbas Tyrewala",5mH0hOxACkH8QlVjeViJLA,2009-09-10,24,60000,95.703125,0.001291023416134,0.3429769510086106,1.0,0.0,1.0,-18.136058807373047,0.1000396832823753,0.3145222354590549,1,0,7
Pori Tujhe Nadan,Best of Sonali Sonawane,"Prashant Nakti, Sonali Sonawane",3L2iuDeljJMuEju0koDR1K,2020-12-10,4,60000,90.7258064516129,0.0008594274406605,0.3211212971860558,1.0,0.0,1.0,-13.971296310424805,0.0895591080188751,0.3216740186494278,5,1,7
Lajran Sajra Mukhda,Best of Sonali Sonawane,"Keval Walanj, Sonali Sonawane, Prashant Nakti",6AW6Trik5lM16Y9ZAGF5V4,2020-12-10,33,60000,77.05479452054794,0.0008197946282069,0.275450163026573,1.0,0.1079190745949745,1.0,-17.81292152404785,0.0907805636525154,0.3441126675447236,1,0,7
Majhyavar Marshil Ka,Best of Sonali Sonawane,"Rishabh Sathe, Sonali Sonawane, Prashant Nakti",4XO8P4ruMuziRnVvyDexvq,2020-12-10,35,60000,119.6808510638298,0.0018727637977095,0.1865228299691166,1.0,0.0,1.0,-20.28768539428711,0.0998979657888412,0.2455145826239112,7,1,7
Aai Mauli,Best of Sonali Sonawane,"Prashant Nakti, Sonali Sonawane, Kabeer Shakya",3zPhyj4gPbbUPWXvA8S3PQ,2020-12-10,3,34504,165.44117647058823,0.0011072156585188,0.3106880011108964,1.0,0.0,1.0,-10.418251037597656,0.1019062101840972,0.3845175901358419,7,1,7
Pori Tujhe Nadan Official Remix,Best of Sonali Sonawane,"Prashant Nakti, Sonali Sonawane, DJ Nesh",6jdWx5SoiqJUSvL8helAeE,2020-12-10,2,60000,90.7258064516129,0.0008594274406605,0.3211212971860558,1.0,0.0,1.0,-13.971296310424805,0.0895591080188751,0.3216740186494278,5,1,7
Lajran Sajra Mukhda Official Remix,Best of Sonali Sonawane,"Keval Walanj, Sonali Sonawane, Prashant Nakti, DJ Nesh",6br1Zsqpzf7piQ6xs2LVxr,2020-12-10,3,60000,77.05479452054794,0.0008197946282069,0.275450163026573,1.0,0.1079190745949745,1.0,-17.81292152404785,0.0907805636525154,0.3441126675447236,1,0,7
O Soniye,Titoo MBA (Original Motion Picture Soundtrack),"Arijit Singh, Vibha Saraf",4B1OzlCh2kEkpGEJAdI6sN,2018-06-27,47,60000,95.33898305084746,0.0013812887354083,0.1990870025884287,1.0,0.0,1.0,-18.060136795043945,0.0933633372187614,0.1845006592729189,0,1,7
Kyu Hua,Titoo MBA (Original Motion Picture Soundtrack),Arijit Singh,4q2oaQlBK6RiLuf28L6Zpu,2018-06-27,16,60000,122.28260869565216,0.0009765172245945,0.1324955424591183,1.0,0.0,1.0,-16.10209846496582,0.0923438370227813,0.1987391477980667,6,0,7
Plan Bana Le,Titoo MBA (Original Motion Picture Soundtrack),"Surabhi Dashputra, Aishwarya Nigam",133gfFehEgkFWLwVskeS0N,2018-06-27,6,60000,92.21311475409836,0.0014552303695067,0.275037042025862,1.0,0.0,1.0,-17.121427536010742,0.0871588513255119,0.2730945679512099,5,1,7
Atyachaari,Titoo MBA (Original Motion Picture Soundtrack),"Arjuna Harjai, Surabhi Dashputra",3fBedoHmzNbjb31ce8HEYZ,2018-06-27,4,60000,104.16666666666669,0.001192706131698,0.2104738671458407,1.0,0.3219075500965118,1.0,-13.279082298278809,0.0877040028572082,0.2911690439668112,0,1,7
O Ranjhna,Titoo MBA (Original Motion Picture Soundtrack),Surabhi Dashputra,4kPHxTSLwAtW0jGFfmyi8E,2018-06-27,15,60000,181.4516129032258,0.0012271198415524,0.1683064503810433,1.0,0.0204917360097169,1.0,-15.25833225250244,0.0943255946040153,0.1816966408391057,5,1,7
Kyu Hua - Female Version,Titoo MBA (Original Motion Picture Soundtrack),Neeti Mohan,0ID4CeNkJmrA9dTfwApnTS,2018-06-27,4,60000,119.6808510638298,0.0012729112395326,0.1129091807289815,1.0,0.2070952206850052,1.0,-14.411827087402344,0.0947314277291297,0.122175902865229,1,0,7
Saiyaan Bedardi,Titoo MBA (Original Motion Picture Soundtrack),"Abhishek Kumar, Priyanka Agarwal",3igwHeIc5CqVrexGi7a10R,2018-06-27,3,60000,130.8139534883721,0.0013069343183411,0.5124466587884376,1.0,0.0,1.0,-15.000897407531738,0.0943591222167015,0.3309813923206267,2,1,7
Mor Monore Kalpanat,Mor Monore Kalpanat - Single,Zubeen Garg,4QLgq6tZV1h4pFvpQT2tuR,2019-01-23,47,60000,130.8139534883721,0.0016591340020105,0.1710780930612335,1.0,0.0,1.0,-15.55555534362793,0.1092096790671348,0.2401127855653201,2,1,7
Dard Dilo Ke,The Xpose,Aaman Trikha,0rqlhEaVJ5fySEEKOQ7xnx,2014-08-20,18,60000,102.27272727272727,0.001057795447006056,0.22143676193676678,1.0,0.0,1.0,-16.932981491088867,0.08777719736099243,0.25262228484593885,2,1,7
Dard Dilo Ke - Remix(Remix By Kiran Kamath),The Xpose,Aaman Trikha,4ifvFvzi3BX45tfmpbSZTl,2014-08-20,11,60000,102.27272727272727,0.0011078537439288723,0.17137708504599183,1.0,0.0,1.0,-15.192468643188477,0.08656272292137146,0.23033131161334466,2,1,7
